"brand","color","imageUrl","detailUrl"
"帝通石","DT-1001","https://silestone.coallmax.com/db/upload/webdata3/coallmax_202441619352873403.jpg","https://silestone.coallmax.com/coallmax2_3.asp?kind=7&kind2=12&kind3=28&kind4=1182"
"帝通石","DT-1002","https://silestone.coallmax.com/db/upload/webdata3/coallmax_202441619434164555.jpg","https://silestone.coallmax.com/coallmax2_3.asp?kind=7&kind2=13&kind3=27&kind4=1128"
"帝通石","DT-1004","https://silestone.coallmax.com/db/upload/webdata3/coallmax_20254123321556033.jpg","https://silestone.coallmax.com/coallmax2_3.asp?kind=7&kind2=12&kind3=28&kind4=1195"
"帝通石","DT-101","https://silestone.coallmax.com/db/upload/webdata3/coallmax_202441619352873403.jpg","https://silestone.coallmax.com/coallmax2_3.asp?kind=7&kind2=12&kind3=28&kind4=1182"
"帝通石","DT-1011","https://silestone.coallmax.com/db/upload/webdata3/coallmax_2024422142759604.jpg","https://silestone.coallmax.com/coallmax2_3.asp?kind=7&kind2=12&kind3=28&kind4=1345"
"帝通石","DT-1012","https://silestone.coallmax.com/db/upload/webdata3/coallmax_2024422212440246.jpg","https://silestone.coallmax.com/coallmax2_3.asp?kind=7&kind2=12&kind3=28&kind4=1346"
"帝通石","DT-102","https://silestone.coallmax.com/db/upload/webdata3/coallmax_202441619434164555.jpg","https://silestone.coallmax.com/coallmax2_3.asp?kind=7&kind2=13&kind3=27&kind4=1128"
"帝通石","DT-108","https://silestone.coallmax.com/db/upload/webdata3/coallmax_2024418044010034.jpg","https://silestone.coallmax.com/coallmax2_3.asp?kind=7&kind2=12&kind3=28&kind4=1344"
"帝通石","DT-111","https://silestone.coallmax.com/db/upload/webdata3/coallmax_2024422142759604.jpg","https://silestone.coallmax.com/coallmax2_3.asp?kind=7&kind2=12&kind3=28&kind4=1345"
"帝通石","DT-112","https://silestone.coallmax.com/db/upload/webdata3/coallmax_2024422212440246.jpg","https://silestone.coallmax.com/coallmax2_3.asp?kind=7&kind2=12&kind3=28&kind4=1346"
"帝通石","DT-114","https://silestone.coallmax.com/db/upload/webdata3/1coallmax_202612621453194783.jpg","https://silestone.coallmax.com/coallmax2_3.asp?kind=7&kind2=13&kind3=27&kind4=1416"
"帝通石","DT-2003","https://silestone.coallmax.com/db/upload/webdata3/coallmax_20244222029015035.jpg","https://silestone.coallmax.com/coallmax2_3.asp?kind=7&kind2=11&kind3=29&kind4=1196"
"帝通石","DT-2004","https://silestone.coallmax.com/db/upload/webdata3/coallmax_202442318343548085.jpg","https://silestone.coallmax.com/coallmax2_3.asp?kind=7&kind2=13&kind3=27&kind4=1194"
"帝通石","DT-2005","https://silestone.coallmax.com/db/upload/webdata3/coallmax_2024423194241895.jpg","https://silestone.coallmax.com/coallmax2_3.asp?kind=7&kind2=12&kind3=28&kind4=1219"
"帝通石","DT-2006","https://silestone.coallmax.com/db/upload/webdata3/coallmax_202442522275376796.jpg","https://silestone.coallmax.com/coallmax2_3.asp?kind=7&kind2=12&kind3=28&kind4=1225"
"帝通石","DT-2008","https://silestone.coallmax.com/db/upload/webdata3/coallmax_20244252235279610.jpg","https://silestone.coallmax.com/coallmax2_3.asp?kind=7&kind2=11&kind3=29&kind4=1223"
"帝通石","DT-2010","https://silestone.coallmax.com/db/upload/webdata3/coallmax_202442522382549814.jpg","https://silestone.coallmax.com/coallmax2_3.asp?kind=7&kind2=11&kind3=29&kind4=1240"
"帝通石","DT-2015","https://silestone.coallmax.com/db/upload/webdata3/coallmax_202442522543217017.jpg","https://silestone.coallmax.com/coallmax2_3.asp?kind=7&kind2=47&kind3=36&kind4=1255"
"帝通石","DT-2018","https://silestone.coallmax.com/db/upload/webdata3/coallmax_20244252303495794.jpg","https://silestone.coallmax.com/coallmax2_3.asp?kind=7&kind2=12&kind3=28&kind4=1347"
"帝通石","DT-202","https://silestone.coallmax.com/db/upload/webdata3/coallmax_20244222503868017.jpg","https://silestone.coallmax.com/coallmax2_3.asp?kind=7&kind2=13&kind3=27&kind4=1193"
"帝通石","DT-2020","https://silestone.coallmax.com/db/upload/webdata3/coallmax_202442523102576981.jpg","https://silestone.coallmax.com/coallmax2_3.asp?kind=7&kind2=47&kind3=36&kind4=1349"
"帝通石","DT-2021","https://silestone.coallmax.com/db/upload/webdata3/coallmax_202442523143264813.jpg","https://silestone.coallmax.com/coallmax2_3.asp?kind=7&kind2=47&kind3=36&kind4=1350"
"帝通石","DT-2022","https://silestone.coallmax.com/db/upload/webdata3/coallmax_202442523231369773.jpg","https://silestone.coallmax.com/coallmax2_3.asp?kind=7&kind2=47&kind3=28&kind4=1351"
"帝通石","DT-2023","https://silestone.coallmax.com/db/upload/webdata3/coallmax_20244261232793219.jpg","https://silestone.coallmax.com/coallmax2_3.asp?kind=7&kind2=47&kind3=36&kind4=1352"
"帝通石","DT-2025","https://silestone.coallmax.com/db/upload/webdata3/coallmax_20244261393932319.jpg","https://silestone.coallmax.com/coallmax2_3.asp?kind=7&kind2=12&kind3=28&kind4=1353"
"帝通石","DT-2026","https://silestone.coallmax.com/db/upload/webdata3/coallmax_202441520513284131.jpg","https://silestone.coallmax.com/coallmax2_3.asp?kind=7&kind2=56&kind3=50&kind4=1340"
"帝通石","DT-2027","https://silestone.coallmax.com/db/upload/webdata3/coallmax_20244152054535505.jpg","https://silestone.coallmax.com/coallmax2_3.asp?kind=7&kind2=56&kind3=50&kind4=1341"
"帝通石","DT-2028","https://silestone.coallmax.com/db/upload/webdata3/coallmax_202441520585876098.jpg","https://silestone.coallmax.com/coallmax2_3.asp?kind=7&kind2=56&kind3=50&kind4=1342"
"帝通石","DT-2029","https://silestone.coallmax.com/db/upload/webdata3/coallmax_20244152112873431.jpg","https://silestone.coallmax.com/coallmax2_3.asp?kind=7&kind2=56&kind3=50&kind4=1343"
"帝通石","DT-203","https://silestone.coallmax.com/db/upload/webdata3/coallmax_20244222029015035.jpg","https://silestone.coallmax.com/coallmax2_3.asp?kind=7&kind2=11&kind3=29&kind4=1196"
"帝通石","DT-2030","https://silestone.coallmax.com/db/upload/webdata3/coallmax_202441522202773743.jpg","https://silestone.coallmax.com/coallmax2_3.asp?kind=7&kind2=58&kind3=51&kind4=1368"
"帝通石","DT-2031","https://silestone.coallmax.com/db/upload/webdata3/coallmax_20244152236678043.jpg","https://silestone.coallmax.com/coallmax2_3.asp?kind=7&kind2=59&kind3=52&kind4=1370"
"帝通石","DT-2032","https://silestone.coallmax.com/db/upload/webdata3/coallmax_202441522385433138.jpg","https://silestone.coallmax.com/coallmax2_3.asp?kind=7&kind2=59&kind3=52&kind4=1371"
"帝通石","DT-2034","https://silestone.coallmax.com/db/upload/webdata3/coallmax_20244161235380533.jpg","https://silestone.coallmax.com/coallmax2_3.asp?kind=7&kind2=59&kind3=52&kind4=1373"
"帝通石","DT-2037","https://silestone.coallmax.com/db/upload/webdata3/coallmax_2024416197262554.jpg","https://silestone.coallmax.com/coallmax2_3.asp?kind=7&kind2=59&kind3=52&kind4=1376"
"帝通石","DT-2038","https://silestone.coallmax.com/db/upload/webdata3/1coallmax_202491718154548700.jpg","https://silestone.coallmax.com/coallmax2_3.asp?kind=7&kind2=65&kind3=58&kind4=1405"
"帝通石","DT-2039","https://silestone.coallmax.com/db/upload/webdata3/1coallmax_202491718423122386.jpg","https://silestone.coallmax.com/coallmax2_3.asp?kind=7&kind2=65&kind3=58&kind4=1406"
"帝通石","DT-2040","https://silestone.coallmax.com/db/upload/webdata3/1coallmax_202491719143967135.jpg","https://silestone.coallmax.com/coallmax2_3.asp?kind=7&kind2=65&kind3=58&kind4=1407"
"帝通石","DT-2041","https://silestone.coallmax.com/db/upload/webdata3/1coallmax_202491719564564793.jpg","https://silestone.coallmax.com/coallmax2_3.asp?kind=7&kind2=65&kind3=58&kind4=1408"
"帝通石","DT-2042","https://silestone.coallmax.com/db/upload/webdata3/1coallmax_20249172047070002.jpg","https://silestone.coallmax.com/coallmax2_3.asp?kind=7&kind2=65&kind3=58&kind4=1409"
"帝通石","DT-2043","https://silestone.coallmax.com/db/upload/webdata3/1coallmax_20249172049355868.jpg","https://silestone.coallmax.com/coallmax2_3.asp?kind=7&kind2=65&kind3=58&kind4=1410"
"帝通石","DT-2044","https://silestone.coallmax.com/db/upload/webdata3/coallmax_202491723404869064.jpg","https://silestone.coallmax.com/coallmax2_3.asp?kind=7&kind2=66&kind3=59&kind4=1411"
"帝通石","DT-2045","https://silestone.coallmax.com/db/upload/webdata3/1coallmax_20249180431913082.jpg","https://silestone.coallmax.com/coallmax2_3.asp?kind=7&kind2=66&kind3=59&kind4=1412"
"帝通石","DT-2046","https://silestone.coallmax.com/db/upload/webdata3/1coallmax_20249180463170336.jpg","https://silestone.coallmax.com/coallmax2_3.asp?kind=7&kind2=66&kind3=59&kind4=1413"
"帝通石","DT-2047","https://silestone.coallmax.com/db/upload/webdata3/1coallmax_20249180492730592.jpg","https://silestone.coallmax.com/coallmax2_3.asp?kind=7&kind2=66&kind3=59&kind4=1414"
"帝通石","DT-206","https://silestone.coallmax.com/db/upload/webdata3/coallmax_202442522275376796.jpg","https://silestone.coallmax.com/coallmax2_3.asp?kind=7&kind2=12&kind3=28&kind4=1225"
"帝通石","DT-208","https://silestone.coallmax.com/db/upload/webdata3/coallmax_20244252235279610.jpg","https://silestone.coallmax.com/coallmax2_3.asp?kind=7&kind2=11&kind3=29&kind4=1223"
"帝通石","DT-215","https://silestone.coallmax.com/db/upload/webdata3/coallmax_202442522543217017.jpg","https://silestone.coallmax.com/coallmax2_3.asp?kind=7&kind2=47&kind3=36&kind4=1255"
"帝通石","DT-218","https://silestone.coallmax.com/db/upload/webdata3/coallmax_20244252303495794.jpg","https://silestone.coallmax.com/coallmax2_3.asp?kind=7&kind2=12&kind3=28&kind4=1347"
"帝通石","DT-220","https://silestone.coallmax.com/db/upload/webdata3/coallmax_202442523102576981.jpg","https://silestone.coallmax.com/coallmax2_3.asp?kind=7&kind2=47&kind3=36&kind4=1349"
"帝通石","DT-221","https://silestone.coallmax.com/db/upload/webdata3/coallmax_202442523143264813.jpg","https://silestone.coallmax.com/coallmax2_3.asp?kind=7&kind2=47&kind3=36&kind4=1350"
"帝通石","DT-222","https://silestone.coallmax.com/db/upload/webdata3/coallmax_202442523231369773.jpg","https://silestone.coallmax.com/coallmax2_3.asp?kind=7&kind2=47&kind3=28&kind4=1351"
"帝通石","DT-225","https://silestone.coallmax.com/db/upload/webdata3/coallmax_20244261393932319.jpg","https://silestone.coallmax.com/coallmax2_3.asp?kind=7&kind2=12&kind3=28&kind4=1353"
"帝通石","DT-226","https://silestone.coallmax.com/db/upload/webdata3/coallmax_202441520513284131.jpg","https://silestone.coallmax.com/coallmax2_3.asp?kind=7&kind2=56&kind3=50&kind4=1340"
"帝通石","DT-227","https://silestone.coallmax.com/db/upload/webdata3/coallmax_20244152054535505.jpg","https://silestone.coallmax.com/coallmax2_3.asp?kind=7&kind2=56&kind3=50&kind4=1341"
"帝通石","DT-228","https://silestone.coallmax.com/db/upload/webdata3/coallmax_202441520585876098.jpg","https://silestone.coallmax.com/coallmax2_3.asp?kind=7&kind2=56&kind3=50&kind4=1342"
"帝通石","DT-229","https://silestone.coallmax.com/db/upload/webdata3/coallmax_20244152112873431.jpg","https://silestone.coallmax.com/coallmax2_3.asp?kind=7&kind2=56&kind3=50&kind4=1343"
"帝通石","DT-230","https://silestone.coallmax.com/db/upload/webdata3/coallmax_202441522202773743.jpg","https://silestone.coallmax.com/coallmax2_3.asp?kind=7&kind2=58&kind3=51&kind4=1368"
"帝通石","DT-231","https://silestone.coallmax.com/db/upload/webdata3/coallmax_20244152236678043.jpg","https://silestone.coallmax.com/coallmax2_3.asp?kind=7&kind2=59&kind3=52&kind4=1370"
"帝通石","DT-233","https://silestone.coallmax.com/db/upload/webdata3/coallmax_20244152242345412.jpg","https://silestone.coallmax.com/coallmax2_3.asp?kind=7&kind2=59&kind3=52&kind4=1372"
"帝通石","DT-234","https://silestone.coallmax.com/db/upload/webdata3/coallmax_20244161235380533.jpg","https://silestone.coallmax.com/coallmax2_3.asp?kind=7&kind2=59&kind3=52&kind4=1373"
"帝通石","DT-235","https://silestone.coallmax.com/db/upload/webdata3/coallmax_202441628530323.jpg","https://silestone.coallmax.com/coallmax2_3.asp?kind=7&kind2=59&kind3=52&kind4=1374"
"帝通石","DT-236","https://silestone.coallmax.com/db/upload/webdata3/coallmax_20244161951522904.jpg","https://silestone.coallmax.com/coallmax2_3.asp?kind=7&kind2=59&kind3=52&kind4=1375"
"帝通石","DT-237","https://silestone.coallmax.com/db/upload/webdata3/coallmax_2024416197262554.jpg","https://silestone.coallmax.com/coallmax2_3.asp?kind=7&kind2=59&kind3=52&kind4=1376"
"帝通石","DT-238","https://silestone.coallmax.com/db/upload/webdata3/1coallmax_202491718154548700.jpg","https://silestone.coallmax.com/coallmax2_3.asp?kind=7&kind2=65&kind3=58&kind4=1405"
"帝通石","DT-239","https://silestone.coallmax.com/db/upload/webdata3/1coallmax_202491718423122386.jpg","https://silestone.coallmax.com/coallmax2_3.asp?kind=7&kind2=65&kind3=58&kind4=1406"
"帝通石","DT-240","https://silestone.coallmax.com/db/upload/webdata3/1coallmax_202491719143967135.jpg","https://silestone.coallmax.com/coallmax2_3.asp?kind=7&kind2=65&kind3=58&kind4=1407"
"帝通石","DT-241","https://silestone.coallmax.com/db/upload/webdata3/1coallmax_202491719564564793.jpg","https://silestone.coallmax.com/coallmax2_3.asp?kind=7&kind2=65&kind3=58&kind4=1408"
"帝通石","DT-242","https://silestone.coallmax.com/db/upload/webdata3/1coallmax_20249172047070002.jpg","https://silestone.coallmax.com/coallmax2_3.asp?kind=7&kind2=65&kind3=58&kind4=1409"
"帝通石","DT-243","https://silestone.coallmax.com/db/upload/webdata3/1coallmax_20249172049355868.jpg","https://silestone.coallmax.com/coallmax2_3.asp?kind=7&kind2=65&kind3=58&kind4=1410"
"帝通石","DT-248","https://silestone.coallmax.com/db/upload/webdata3/1coallmax_202612621552126039.jpg","https://silestone.coallmax.com/coallmax2_3.asp?kind=7&kind2=42&kind3=34&kind4=1417"
"帝通石","DT-249","https://silestone.coallmax.com/db/upload/webdata3/1coallmax_20261262242149251.jpg","https://silestone.coallmax.com/coallmax2_3.asp?kind=7&kind2=34&kind3=31&kind4=1418"
"帝通石","DT-3001","https://silestone.coallmax.com/db/upload/webdata3/1longyang_201452623124430508.jpg","https://silestone.coallmax.com/coallmax2_3.asp?kind=7&kind2=13&kind3=27&kind4=1127"
"帝通石","DT-3002","https://silestone.coallmax.com/db/upload/webdata3/coallmax_20244262363514567.jpg","https://silestone.coallmax.com/coallmax2_3.asp?kind=7&kind2=13&kind3=27&kind4=1129"
"帝通石","DT-3003","https://silestone.coallmax.com/db/upload/webdata3/coallmax_20244262431893797.jpg","https://silestone.coallmax.com/coallmax2_3.asp?kind=7&kind2=12&kind3=28&kind4=1220"
"帝通石","DT-3004","https://silestone.coallmax.com/db/upload/webdata3/coallmax_20244262532767697.jpg","https://silestone.coallmax.com/coallmax2_3.asp?kind=7&kind2=12&kind3=28&kind4=1221"
"帝通石","DT-3005","https://silestone.coallmax.com/db/upload/webdata3/coallmax_2024426259651732.jpg","https://silestone.coallmax.com/coallmax2_3.asp?kind=7&kind2=12&kind3=28&kind4=1232"
"帝通石","DT-3006","https://silestone.coallmax.com/db/upload/webdata3/coallmax_20244263162484719.jpg","https://silestone.coallmax.com/coallmax2_3.asp?kind=7&kind2=12&kind3=28&kind4=1258"
"帝通石","DT-301","https://silestone.coallmax.com/db/upload/webdata3/1longyang_201452623124430508.jpg","https://silestone.coallmax.com/coallmax2_3.asp?kind=7&kind2=13&kind3=27&kind4=1127"
"帝通石","DT-3012","https://silestone.coallmax.com/db/upload/webdata3/coallmax_20244263215426101.jpg","https://silestone.coallmax.com/coallmax2_3.asp?kind=7&kind2=12&kind3=28&kind4=1354"
"帝通石","DT-3016","https://silestone.coallmax.com/db/upload/webdata3/coallmax_2024426330333253.jpg","https://silestone.coallmax.com/coallmax2_3.asp?kind=7&kind2=12&kind3=28&kind4=1358"
"帝通石","DT-3017","https://silestone.coallmax.com/db/upload/webdata3/coallmax_20244263315596253.jpg","https://silestone.coallmax.com/coallmax2_3.asp?kind=7&kind2=12&kind3=28&kind4=1360"
"帝通石","DT-302","https://silestone.coallmax.com/db/upload/webdata3/coallmax_20244262363514567.jpg","https://silestone.coallmax.com/coallmax2_3.asp?kind=7&kind2=13&kind3=27&kind4=1129"
"帝通石","DT-3020","https://silestone.coallmax.com/db/upload/webdata3/coallmax_202441521113977933.jpg","https://silestone.coallmax.com/coallmax2_3.asp?kind=7&kind2=57&kind3=49&kind4=1338"
"帝通石","DT-3022","https://silestone.coallmax.com/db/upload/webdata3/coallmax_202441519445058894.jpg","https://silestone.coallmax.com/coallmax2_3.asp?kind=7&kind2=57&kind3=49&kind4=1367"
"帝通石","DT-3023","https://silestone.coallmax.com/db/upload/webdata3/coallmax_202441521172080660.jpg","https://silestone.coallmax.com/coallmax2_3.asp?kind=7&kind2=58&kind3=51&kind4=1377"
"帝通石","DT-303","https://silestone.coallmax.com/db/upload/webdata3/coallmax_20244262431893797.jpg","https://silestone.coallmax.com/coallmax2_3.asp?kind=7&kind2=12&kind3=28&kind4=1220"
"帝通石","DT-305","https://silestone.coallmax.com/db/upload/webdata3/coallmax_2024426259651732.jpg","https://silestone.coallmax.com/coallmax2_3.asp?kind=7&kind2=12&kind3=28&kind4=1232"
"帝通石","DT-312","https://silestone.coallmax.com/db/upload/webdata3/coallmax_20244263215426101.jpg","https://silestone.coallmax.com/coallmax2_3.asp?kind=7&kind2=12&kind3=28&kind4=1354"
"帝通石","DT-314","https://silestone.coallmax.com/db/upload/webdata3/coallmax_20244263255729816.jpg","https://silestone.coallmax.com/coallmax2_3.asp?kind=7&kind2=49&kind3=47&kind4=1356"
"帝通石","DT-315","https://silestone.coallmax.com/db/upload/webdata3/coallmax_2024426328763047.jpg","https://silestone.coallmax.com/coallmax2_3.asp?kind=7&kind2=49&kind3=47&kind4=1359"
"帝通石","DT-316","https://silestone.coallmax.com/db/upload/webdata3/coallmax_2024426330333253.jpg","https://silestone.coallmax.com/coallmax2_3.asp?kind=7&kind2=12&kind3=28&kind4=1358"
"帝通石","DT-317","https://silestone.coallmax.com/db/upload/webdata3/coallmax_20244263315596253.jpg","https://silestone.coallmax.com/coallmax2_3.asp?kind=7&kind2=12&kind3=28&kind4=1360"
"帝通石","DT-318","https://silestone.coallmax.com/db/upload/webdata3/coallmax_20244152144488325.jpg","https://silestone.coallmax.com/coallmax2_3.asp?kind=7&kind2=57&kind3=49&kind4=1336"
"帝通石","DT-319","https://silestone.coallmax.com/db/upload/webdata3/coallmax_20244152174542968.jpg","https://silestone.coallmax.com/coallmax2_3.asp?kind=7&kind2=57&kind3=49&kind4=1337"
"帝通石","DT-320","https://silestone.coallmax.com/db/upload/webdata3/coallmax_202441521113977933.jpg","https://silestone.coallmax.com/coallmax2_3.asp?kind=7&kind2=57&kind3=49&kind4=1338"
"帝通石","DT-322","https://silestone.coallmax.com/db/upload/webdata3/coallmax_202441519445058894.jpg","https://silestone.coallmax.com/coallmax2_3.asp?kind=7&kind2=57&kind3=49&kind4=1367"
"帝通石","DT-4108","https://silestone.coallmax.com/db/upload/webdata3/coallmax_2024418044010034.jpg","https://silestone.coallmax.com/coallmax2_3.asp?kind=7&kind2=12&kind3=28&kind4=1344"
"帝通石","DT-4111","https://silestone.coallmax.com/db/upload/webdata3/coallmax_2024422142759604.jpg","https://silestone.coallmax.com/coallmax2_3.asp?kind=7&kind2=12&kind3=28&kind4=1345"
"帝通石","DT-4112","https://silestone.coallmax.com/db/upload/webdata3/coallmax_2024422212440246.jpg","https://silestone.coallmax.com/coallmax2_3.asp?kind=7&kind2=12&kind3=28&kind4=1346"
"帝通石","DT-4206","https://silestone.coallmax.com/db/upload/webdata3/coallmax_202442522275376796.jpg","https://silestone.coallmax.com/coallmax2_3.asp?kind=7&kind2=12&kind3=28&kind4=1225"
"帝通石","DT-4208","https://silestone.coallmax.com/db/upload/webdata3/coallmax_20244252235279610.jpg","https://silestone.coallmax.com/coallmax2_3.asp?kind=7&kind2=11&kind3=29&kind4=1223"
"帝通石","DT-4215","https://silestone.coallmax.com/db/upload/webdata3/coallmax_202442522543217017.jpg","https://silestone.coallmax.com/coallmax2_3.asp?kind=7&kind2=47&kind3=36&kind4=1255"
"帝通石","DT-4219","https://silestone.coallmax.com/db/upload/webdata3/coallmax_20244252343298905.jpg","https://silestone.coallmax.com/coallmax2_3.asp?kind=7&kind2=12&kind3=28&kind4=1348"
"帝通石","DT-4220","https://silestone.coallmax.com/db/upload/webdata3/coallmax_202442523102576981.jpg","https://silestone.coallmax.com/coallmax2_3.asp?kind=7&kind2=47&kind3=36&kind4=1349"
"帝通石","DT-4221","https://silestone.coallmax.com/db/upload/webdata3/coallmax_202442523143264813.jpg","https://silestone.coallmax.com/coallmax2_3.asp?kind=7&kind2=47&kind3=36&kind4=1350"
"帝通石","DT-4222","https://silestone.coallmax.com/db/upload/webdata3/coallmax_202442523231369773.jpg","https://silestone.coallmax.com/coallmax2_3.asp?kind=7&kind2=47&kind3=28&kind4=1351"
"帝通石","DT-4226","https://silestone.coallmax.com/db/upload/webdata3/coallmax_202441520513284131.jpg","https://silestone.coallmax.com/coallmax2_3.asp?kind=7&kind2=56&kind3=50&kind4=1340"
"帝通石","DT-4227","https://silestone.coallmax.com/db/upload/webdata3/coallmax_20244152054535505.jpg","https://silestone.coallmax.com/coallmax2_3.asp?kind=7&kind2=56&kind3=50&kind4=1341"
"帝通石","DT-4228","https://silestone.coallmax.com/db/upload/webdata3/coallmax_202441520585876098.jpg","https://silestone.coallmax.com/coallmax2_3.asp?kind=7&kind2=56&kind3=50&kind4=1342"
"帝通石","DT-4230","https://silestone.coallmax.com/db/upload/webdata3/coallmax_202441522202773743.jpg","https://silestone.coallmax.com/coallmax2_3.asp?kind=7&kind2=58&kind3=51&kind4=1368"
"帝通石","DT-4231","https://silestone.coallmax.com/db/upload/webdata3/coallmax_20244152236678043.jpg","https://silestone.coallmax.com/coallmax2_3.asp?kind=7&kind2=59&kind3=52&kind4=1370"
"帝通石","DT-4232","https://silestone.coallmax.com/db/upload/webdata3/coallmax_202441522385433138.jpg","https://silestone.coallmax.com/coallmax2_3.asp?kind=7&kind2=59&kind3=52&kind4=1371"
"帝通石","DT-4233","https://silestone.coallmax.com/db/upload/webdata3/coallmax_20244152242345412.jpg","https://silestone.coallmax.com/coallmax2_3.asp?kind=7&kind2=59&kind3=52&kind4=1372"
"帝通石","DT-4234","https://silestone.coallmax.com/db/upload/webdata3/coallmax_20244161235380533.jpg","https://silestone.coallmax.com/coallmax2_3.asp?kind=7&kind2=59&kind3=52&kind4=1373"
"帝通石","DT-4235","https://silestone.coallmax.com/db/upload/webdata3/coallmax_202441628530323.jpg","https://silestone.coallmax.com/coallmax2_3.asp?kind=7&kind2=59&kind3=52&kind4=1374"
"帝通石","DT-4236","https://silestone.coallmax.com/db/upload/webdata3/coallmax_20244161951522904.jpg","https://silestone.coallmax.com/coallmax2_3.asp?kind=7&kind2=59&kind3=52&kind4=1375"
"帝通石","DT-4237","https://silestone.coallmax.com/db/upload/webdata3/coallmax_2024416197262554.jpg","https://silestone.coallmax.com/coallmax2_3.asp?kind=7&kind2=59&kind3=52&kind4=1376"
"帝通石","DT-4302","https://silestone.coallmax.com/db/upload/webdata3/coallmax_20244262363514567.jpg","https://silestone.coallmax.com/coallmax2_3.asp?kind=7&kind2=13&kind3=27&kind4=1129"
"帝通石","DT-4303","https://silestone.coallmax.com/db/upload/webdata3/coallmax_20244262431893797.jpg","https://silestone.coallmax.com/coallmax2_3.asp?kind=7&kind2=12&kind3=28&kind4=1220"
"帝通石","DT-4316","https://silestone.coallmax.com/db/upload/webdata3/coallmax_2024426330333253.jpg","https://silestone.coallmax.com/coallmax2_3.asp?kind=7&kind2=12&kind3=28&kind4=1358"
"帝通石","DT-4318","https://silestone.coallmax.com/db/upload/webdata3/coallmax_20244152144488325.jpg","https://silestone.coallmax.com/coallmax2_3.asp?kind=7&kind2=57&kind3=49&kind4=1336"
"帝通石","DT-4321","https://silestone.coallmax.com/db/upload/webdata3/coallmax_20244152114078801.jpg","https://silestone.coallmax.com/coallmax2_3.asp?kind=7&kind2=57&kind3=49&kind4=1339"
"帝通石","DT-4322","https://silestone.coallmax.com/db/upload/webdata3/coallmax_202441519445058894.jpg","https://silestone.coallmax.com/coallmax2_3.asp?kind=7&kind2=57&kind3=49&kind4=1367"
"帝通石","DT-4323","https://silestone.coallmax.com/db/upload/webdata3/coallmax_202441521172080660.jpg","https://silestone.coallmax.com/coallmax2_3.asp?kind=7&kind2=58&kind3=51&kind4=1377"
"帝通石","DT-4601","https://silestone.coallmax.com/db/upload/webdata3/coallmax_20244263503648723.jpg","https://silestone.coallmax.com/coallmax2_3.asp?kind=7&kind2=42&kind3=34&kind4=1237"
"帝通石","DT-4609","https://silestone.coallmax.com/db/upload/webdata3/coallmax_20244264173321634.jpg","https://silestone.coallmax.com/coallmax2_3.asp?kind=7&kind2=43&kind3=38&kind4=1259"
"帝通石","DT-4610","https://silestone.coallmax.com/db/upload/webdata3/coallmax_202442818414050389.jpg","https://silestone.coallmax.com/coallmax2_3.asp?kind=7&kind2=48&kind3=41&kind4=1366"
"帝通石","DT-4614","https://silestone.coallmax.com/db/upload/webdata3/coallmax_202442818434916936.jpg","https://silestone.coallmax.com/coallmax2_3.asp?kind=7&kind2=48&kind3=41&kind4=1365"
"帝通石","DT-4616","https://silestone.coallmax.com/db/upload/webdata3/coallmax_20244152231630529.jpg","https://silestone.coallmax.com/coallmax2_3.asp?kind=7&kind2=57&kind3=49&kind4=1332"
"帝通石","DT-4617","https://silestone.coallmax.com/db/upload/webdata3/coallmax_20244152291749279.jpg","https://silestone.coallmax.com/coallmax2_3.asp?kind=7&kind2=57&kind3=49&kind4=1333"
"帝通石","DT-4618","https://silestone.coallmax.com/db/upload/webdata3/coallmax_202441522124550690.jpg","https://silestone.coallmax.com/coallmax2_3.asp?kind=7&kind2=57&kind3=49&kind4=1334"
"帝通石","DT-4619","https://silestone.coallmax.com/db/upload/webdata3/coallmax_202441522145381603.jpg","https://silestone.coallmax.com/coallmax2_3.asp?kind=7&kind2=57&kind3=49&kind4=1335"
"帝通石","DT-4620","https://silestone.coallmax.com/db/upload/webdata3/coallmax_202441522164651506.jpg","https://silestone.coallmax.com/coallmax2_3.asp?kind=7&kind2=57&kind3=49&kind4=1379"
"帝通石","DT-6001","https://silestone.coallmax.com/db/upload/webdata3/coallmax_20244263503648723.jpg","https://silestone.coallmax.com/coallmax2_3.asp?kind=7&kind2=42&kind3=34&kind4=1237"
"帝通石","DT-6009","https://silestone.coallmax.com/db/upload/webdata3/coallmax_20244264173321634.jpg","https://silestone.coallmax.com/coallmax2_3.asp?kind=7&kind2=43&kind3=38&kind4=1259"
"帝通石","DT-601","https://silestone.coallmax.com/db/upload/webdata3/coallmax_20244263503648723.jpg","https://silestone.coallmax.com/coallmax2_3.asp?kind=7&kind2=42&kind3=34&kind4=1237"
"帝通石","DT-6014","https://silestone.coallmax.com/db/upload/webdata3/coallmax_202442818434916936.jpg","https://silestone.coallmax.com/coallmax2_3.asp?kind=7&kind2=48&kind3=41&kind4=1365"
"帝通石","DT-6015","https://silestone.coallmax.com/db/upload/webdata3/coallmax_20244152015517225.jpg","https://silestone.coallmax.com/coallmax2_3.asp?kind=7&kind2=48&kind3=41&kind4=1288"
"帝通石","DT-6018","https://silestone.coallmax.com/db/upload/webdata3/coallmax_202441522124550690.jpg","https://silestone.coallmax.com/coallmax2_3.asp?kind=7&kind2=57&kind3=49&kind4=1334"
"帝通石","DT-6019","https://silestone.coallmax.com/db/upload/webdata3/coallmax_202441522145381603.jpg","https://silestone.coallmax.com/coallmax2_3.asp?kind=7&kind2=57&kind3=49&kind4=1335"
"帝通石","DT-605","https://silestone.coallmax.com/db/upload/webdata3/coallmax_20244264101727639.jpg","https://silestone.coallmax.com/coallmax2_3.asp?kind=7&kind2=42&kind3=34&kind4=1233"
"帝通石","DT-609","https://silestone.coallmax.com/db/upload/webdata3/coallmax_20244264173321634.jpg","https://silestone.coallmax.com/coallmax2_3.asp?kind=7&kind2=43&kind3=38&kind4=1259"
"帝通石","DT-610","https://silestone.coallmax.com/db/upload/webdata3/coallmax_202442818414050389.jpg","https://silestone.coallmax.com/coallmax2_3.asp?kind=7&kind2=48&kind3=41&kind4=1366"
"帝通石","DT-614","https://silestone.coallmax.com/db/upload/webdata3/coallmax_202442818434916936.jpg","https://silestone.coallmax.com/coallmax2_3.asp?kind=7&kind2=48&kind3=41&kind4=1365"
"帝通石","DT-615","https://silestone.coallmax.com/db/upload/webdata3/coallmax_20244152015517225.jpg","https://silestone.coallmax.com/coallmax2_3.asp?kind=7&kind2=48&kind3=41&kind4=1288"
"帝通石","DT-617","https://silestone.coallmax.com/db/upload/webdata3/coallmax_20244152291749279.jpg","https://silestone.coallmax.com/coallmax2_3.asp?kind=7&kind2=57&kind3=49&kind4=1333"
"帝通石","DT-619","https://silestone.coallmax.com/db/upload/webdata3/coallmax_202441522145381603.jpg","https://silestone.coallmax.com/coallmax2_3.asp?kind=7&kind2=57&kind3=49&kind4=1335"
"帝通石","DT-8104","https://silestone.coallmax.com/db/upload/webdata3/coallmax_20254123321556033.jpg","https://silestone.coallmax.com/coallmax2_3.asp?kind=7&kind2=12&kind3=28&kind4=1195"
"帝通石","DT-8201","https://silestone.coallmax.com/db/upload/webdata3/coallmax_20244222301681022.jpg","https://silestone.coallmax.com/coallmax2_3.asp?kind=7&kind2=11&kind3=29&kind4=1183"
"帝通石","DT-8203","https://silestone.coallmax.com/db/upload/webdata3/coallmax_20244222029015035.jpg","https://silestone.coallmax.com/coallmax2_3.asp?kind=7&kind2=11&kind3=29&kind4=1196"
"帝通石","DT-8206","https://silestone.coallmax.com/db/upload/webdata3/coallmax_202442522275376796.jpg","https://silestone.coallmax.com/coallmax2_3.asp?kind=7&kind2=12&kind3=28&kind4=1225"
"帝通石","DT-8211","https://silestone.coallmax.com/db/upload/webdata3/coallmax_202442522481293703.jpg","https://silestone.coallmax.com/coallmax2_3.asp?kind=7&kind2=40&kind3=37&kind4=1239"
"帝通石","DT-8215","https://silestone.coallmax.com/db/upload/webdata3/coallmax_202442522543217017.jpg","https://silestone.coallmax.com/coallmax2_3.asp?kind=7&kind2=47&kind3=36&kind4=1255"
"帝通石","DT-8218","https://silestone.coallmax.com/db/upload/webdata3/coallmax_20244252303495794.jpg","https://silestone.coallmax.com/coallmax2_3.asp?kind=7&kind2=12&kind3=28&kind4=1347"
"帝通石","DT-8226","https://silestone.coallmax.com/db/upload/webdata3/coallmax_202441520513284131.jpg","https://silestone.coallmax.com/coallmax2_3.asp?kind=7&kind2=56&kind3=50&kind4=1340"
"帝通石","DT-8301","https://silestone.coallmax.com/db/upload/webdata3/1longyang_201452623124430508.jpg","https://silestone.coallmax.com/coallmax2_3.asp?kind=7&kind2=13&kind3=27&kind4=1127"
"帝通石","DT-8302","https://silestone.coallmax.com/db/upload/webdata3/coallmax_20244262363514567.jpg","https://silestone.coallmax.com/coallmax2_3.asp?kind=7&kind2=13&kind3=27&kind4=1129"
"帝通石","DT-8605","https://silestone.coallmax.com/db/upload/webdata3/coallmax_20244264101727639.jpg","https://silestone.coallmax.com/coallmax2_3.asp?kind=7&kind2=42&kind3=34&kind4=1233"
