"爐子型號"	"爐子挖孔尺寸"
"740"	"前沿70開挖720X450"
"292GS"	"挖孔:680×360mm R50"
"TID-7040"	"744*494"
"292S"	"670*330"
"292SG"	"665*325*R5"
"3320FOK"	"272*492*R5"
"400-U"	"外徑尺寸：430*460mm(適合凸)
內徑尺寸：400*400mm"
"MIELE KM7564FL"	"600*500*R4"
"G-2923G"	"670*350*R85"
"G-2923"	"670*350*R85"
"RB-N2620G"	"670*350*R85"
"ST-2077"	"670*350"
"RB71W23L1"	"560×460*R10"
"500-U"	"外徑：530x460(適合凸)
內徑：500x400"
"560(JT-1620)"	"前沿70開挖595X445"
"800-U"	"外徑：830x460(適合凸)
內徑：800x400"
"8501S"	"670*350*R85"
"871A結晶石水槽"	"外徑：585X450 X 195(挖大或挖小)
內徑：525X 395 "
"7703"	"670*350*R10"
"1579-060"	"开孔尺寸：770×480mm"
"2293S"	"805*445"
"272*492*R5"	"272*492*R5"
"S-2630G"	"670*350*R85"
"G-2622KGB"	"728*468*R113"
"KZ-AN57S"	"560*460*R20(前沿6.5開挖)"
"插座"	"9.5*5*R1(CM)(面版12*7)"
"插座孔"	"9.5*5*R1(CM)(面版12*7)"
"BHI228"	"680*395"
"P01F7851"	"760*490"
"單槽(取回)"	"前沿81開挖690X390"
"單槽8/28以取回+配件"	"前沿70開挖657X429"
"JT-GC309S"	"725*465*R92.5"
"RB-F219GN"	"670*350*R85"
"豪山S-300"	"挖孔尺寸：837x475(mm)"
"爐連烤-4CM"	"565*460*R10(前沿6.5開挖)"
"嵌爐-4CM"	"670*350前沿8"
"ITF-65320"	"W560 X D495 "
"RHS31W23L7RSTW"	"560*460*R20(前沿6.5開挖)"
"I6640CCGV-I 爐連烤"	"55.5*47.5(前沿5.5開挖)"
"KZ-YSF37S"	"565*460*R10(前沿6.5開挖)"
"VHI-725520 TU"	"710*410"
"E-2820"	"265*490"
"SB-2283"	"668*403*R92.5"
"G-2923AG"	"670*350*R85"
"JT-GC399A"	"725x465xR92.5"
"TEKA-63312"	"560*490"
"FMY 808 IFP"	"752*492"
"FMY 658"	"W562XD480~D492mm"
"嵌入爐-4CM"	"670 × 350*R10
(嵌入爐前沿8CM)"
"RBT1W23L1R5-TR"	"565*460*R10(前沿6.5開挖)"
"IZF88700MST"	"750*490"
"挖500*410*R30"	"前沿130開挖500X410"
"CTI-3500"	"723*403"
"G9926G"	"670*350*R85"
"RB-H3200"	"560*430"
"無"	""
"G-2522BGB"	"670x350xR85"
"下吸式油機"	"760*80*R5"
"有"	""
"有爐子"	""
"有水槽"	""
"原明油機"	"760*80*R5(離牆3cm)"
"原有舊水槽"	"前沿70開挖818X485"
"直立式油機"	"760*80*R5"
"總公司26106207#249張經理"	""
"ACX610FS"	"外徑: 86 x 51 x 23 cm"
"BEST-9050"	"835*476*R5"
"BEST-E2839"	"280*485*R5"
"BESTDD62"	"尺寸：86 × 11 × 0~31cm"
"BF-30SS"	"560*490"
"BF30SS"	"562*492*R5"
"G-2923GB"	"670*350*R85"
"SG-9620G"	"728*468*R113"
"RB-L2620"	"670*350*R85"
"G-252KS"	"670*350"
"BI-567"	"前沿70開挖545X435"
"G-2723G"	"670*350*R85"
"BLANCO 500-U"	"前沿88開挖502X402"
"Blanco 800-U"	"外徑：830x460
內徑：800x400"
"BLANCO SUBLINE 500-U"	"外徑：530x460(挖大或挖小)
內徑：500x400"
"JT-GU201S"	"665*340*R10-8CM"
"BLANCO SUBLINE 800-U"	"外徑：830x460(挖大或挖小)
內徑：800x400"
"BLANCO-700U-523442"	"前沿75開挖706X406"
"BLANCO-SUBLINE 700-U"	"前沿75開挖706X406"
"PIE375N14EB"	"270*495*R5"
"E675DE4E"	"機體尺寸(WxD): 606 x 527mm
安裝尺寸(WxD): 562x 492 - 500mm"
"BS-292G"	"       
挖孔尺寸：W675 x D355(mm"
"BWHG-300 6SS"	"282*482*R5"
"C01-1001"	"外徑: 610*457       
內徑 : 544*394"
"C01-5001"	"外徑：610X457X205H
內徑：544X394X205H"
"PUE611BB1E"	"W560 x D495"
"FMA 839 HI"	"790*500"
"C02-5001"	"前沿70開挖835X475"
"CB-88PL"	"外徑 : 850x510 
內徑 : 772x 432x 195  mm"
"RB-M2600"	"670*350*R85"
"CB-88PL"	"前沿70開挖858X504"
"CB88PL"	"尺寸850*510
內徑:772*432*198
"
"JT-GC212"	"670*350*R5"
"G-9620KG"	"728*468*R113"
"PXY875DW4E"	"750*490*R5"
""	""
"G2523YG"	"670 x 350 mm R85"
""	""
"CS-680"	"前沿60開挖660X430"
"CS-T34BFR"	"560*460*R30"
"CSK  F7446"	"外徑 740x460x235 mm
內徑 : 700x420x225 mm"
"CSK  F7446"	"前沿80開挖694X413"
"CSK-F7446"	"前沿70開挖694X413"
"CSK-MA6042"	"外徑：650X 470 X 220mm
內徑：600X 420 X 220mm"
"RB-L3710G(BR)"	"725*465*R85"
"CSKF7446"	"外徑:740*460
內徑:700*420"
"HCG GS252"	"670*350*R10 前沿9公分開挖"
"IRF-9480TFT"	"860*490"
"RB-A3760SL"	"725*465*R113"
"RB-H1180A"	"272*410"
"CSKMA8042"	"外徑:850x470
內徑:800X420"
"DD0301"	"前沿70開挖602X461"
"DHK-182"	"外徑尺寸:820X460X225H
內徑尺寸:770X410X225H 
適用櫃體:900W"
"DHK182"	"外徑尺寸:820X460X225H
內徑尺寸:770X410X225H 
適用櫃體:900W"
"G-2835G"	"728x468xR113"
"DHK188"	"前沿70開挖830X410"
"DJIS-850P"	"外徑尺寸850 X 510 X 185mm
內徑尺寸775*355"
"DS-750P"	"尺寸:750*510*185mm
內徑:726*483*365mm"
"G-2522AG"	"670*350*R85"
"DS-840右大"	"尺寸：84(寬) x 51(深) x 18.5(高)
內徑尺寸：81.1(寬) x 48.2深"
"DS-855F"	"外徑尺寸 : 850×515
內徑尺寸 : 770×440"
"DS-740"	"外徑：740X 515 X 190mm"
"WSB2360BFP"	"W560*D480~492"
"ICBSM15TF/S"	"356*495*R5"
"KY-A1W70-K"	"710*368*R3"
"RB-H1180"	"272*410
面300*450"
"IH-2075"	"280*480"
"DS-740"	"前沿70開挖712X487"
"DS840"	"外徑：84×51.5×20cm
內徑：77×44/36cm"
"IT-6350"	"560*490"
"ST-2182"	"668*403*R92.5"
"DS840左大槽"	"外徑：84×51.5×20cm
內徑：77×44/36cm"
"dws-100"	"直徑102 MM"
"E-2826"	"270*492*R5"
"E-2839"	"280*485*R5"
"E-2861"	"560*490*R5"
"EG-2331"	"680*410"
"E-730"	"70.4*41.2 cm"
"EDS-850P2"	"外徑: 850*510*185MM
內徑: 775*355*185MM"
"EG-110"	"270*490*R10"
"EG-120"	"685*413*R10"
"EG-2012GB"	"274*350*R10"
"G-6500G"	"670*325"
"EHD8740FOX"	"750*490*R5"
"EG-2012GBA"	"274*350*R10"
"EG-2013"	"270*490*R10"
"EG-2013GB"	"270*490*R10"
"EG-2201B"	"662*352*R5"
"EG-2201BP"	"662*352*R5"
"EG-2230"	"270*490*R10"
"EG-2230GB"	"270*490*R10"
"JT-IH128"	"270*490"
"EG-2301BN"	"挖孔尺寸:732*472 R105"
"EG-2330GB"	"680*410*R10"
"TEKA7210"	"695*370*R5"
"EG2012GBA"	"274×350xR5"
"EG2012GBA"	"挖孔尺寸：274×350  孔深150mm  R10"
"G-6900S"	"670x325xR2"
"RB71AM5U32R-VW-TR"	"565*460*R10-6.5"
"SR-200T"	"260*275*R3"
"IG-6201G"	"W560*H90*D490"
"RB-2231"	"720*425"
"GH7050-R"	"704*412"
"EG2013GB"	"270×490x150 (R10)"
"EGT-9637"	"832*470"
"G-2830KGB"	"728*468*R113"
"EGT-9637CKN"	"832*470"
"EGT7267CKN"	"732*421*R61"
"EGT7427CK"	"W732*D421"
"EGT7627CKN"	"732*421"
"EGT9437CK"	"832*470"
"EGT9637"	"W832xD470mm"
"EHD-8740FOK"	"750*490"
"EHD8740FOK"	"面:780/520
挖752*492*R5"
"EHF-3320FOX"	"270*490"
"EHH3320NVK"	"面 290*520
挖 270*490*R5"
"EHL-9530FOK"	"880*380"
"EHL9530FOK"	"W882xD382mmxR5"
"EHX8H10FBK"	"751*491*R5"
"EK-E227D"	"710*368*R4"
"EMF1A"	"285*490*R5"
"EMF1 TC10500"	"285*490"
"EQH4512BOZ"	"342*492*R5"
"F-8546S"	"前沿70開挖800X411"
"F1-602"	"內徑:600*410*220"
"F7446"	"外徑尺寸 : 740×460
內徑尺寸 : 700×420(方型可挖W3-2MM)"
"FUJITON 293G"	"817*447*R5"
"FW-559/136"	"外徑尺寸 :590×510×230H
內徑尺寸 :540×445×230H"
"FW559"	"外徑尺寸 :590×510×230H
內徑尺寸 :540×430×230H"
"G-2110"	"285*485*R12"
"G-2112"	"挖285*485*R12
面315*510"
"G-2230GB"	"270*490*R10"
"G-2511KG"	"670*350*R85"
"G-251K"	"270*390"
"G-2522"	"670*350*R85"
"G-2522G"	"670*350*R85"
"G-2522GB"	"670*350*R85"
"G-2522GW"	"670*350*R85"
"G-2522S"	"670*350*R85"
"G-2623G"	"728*468*R113"
"G-2623S"	"728*468*R113"
"G-2632"	"728*468*R113"
"G-2632KGB"	"728*468*R113"
"G-2633"	"728*468*R113"
"G-2633G"	"728*468*R113"
"G-2633GB"	"728*468*R113"
"G-2633GWL"	"728*468*R113"
"G-2633S"	"728*468*R113"
"G-2720"	"670*350*R85"
"G-2720KG"	"670*350*R85"
"G-2720KGB"	"670*350*R30"
"G-2720KS"	"670*350*R85"
"G-2720KS"	"670*350*R85"
"G-2722"	"670*350*R85"
"G-2722G"	"670*350*R85"
"G-2722G"	"670*350*R85"
"G-2732GB"	"728*468*R113"
"G-2820"	"670*350*R85"
"G-2820G"	"670*350*R85"
"G-2820G"	"670 × 350 mm R85"
"G-2820GB"	"670*350*R85"
"G-2820GBN"	"670*350*R30"
"G-2825AG"	"670*350*R85"
"G-2825AGBN"	"670*350*R85"
"G-2825G"	"670*350*R85"
"G-2830"	"728*468*R113"
"G-2830KG"	"728*468*R113"
"G-2830KSN"	"728*468*R113"
"G-2835AG"	"728*468*R113"
"G-2922"	"670*350*R85"
"G-2922A"	"670*350*R85"
"G-2922AG"	"670*350*R85"
"G-2922AGB"	"670*350*R85"
"G-2922G"	"670*350*R85"
"G-2922GB"	"670*350*R85"
"G-2926"	"670*350*R85"
"G-2926G"	"670*350*R85"
"G-2926GB"	"670*350*R85"
"G-2928"	"728*468*R113"
"G-2928G"	"728*468*R113"
"G-2928GB"	"728*468*R113"
"G-2928GBN"	"728*468*R113"
"G-2932AG"	"728*468*R113"
"G-2932A"	"728*468*R113"
"CV282101"	"782*492*R5"
"EGT-9239CK"	"832*470"
"G-2932AGB"	"728*468*R113"
"G-2932B"	"728*468*R113"
"G-2932G"	"728*468*R113"
"G-2932GB"	"728*468*R113"
"G-360"	"670*350*R85"
"G-360GB"	"670*350*R85"
"RB-F218G"	"670*350*R85"
"SG-6700-4CM"	"670*325"
"EGT9627CK"	"832*470"
"EG-2331G"	"680*410"
"D-2600GB"	"670*350*R85"
"G-6120"	"670*350前沿8"
"G-6320K"	"670*350*R10"
"G-2522AGB"	"670*350*R85"
"G-6500KG"	"672*340*R10前沿8公分"
"G-6513S"	"崁入爐挖孔:670× 350*R10"
"G-6600K"	"670 × 325 mm"
"VHI-72520ATU"	"710*410"
"VHI-72520ATU"	"670*350*R10-8CM"
"G-6700KSN-4CM"	"672 × 327*R5
(嵌入爐前沿8CM)"
"G-6900"	"尺寸705*450*235
挖孔675*330-前8開挖"
"G-9511"	"670*350*R30"
"G-9511GB"	"670*350*R30"
"G-9511KGB"	"670*350*R30"
"G-9520"	"670*350*R85"
"G-9520G"	"670*350*R85"
"G-9520GB"	"670*350*R85"
"G-9522"	"670*350*R85"
"G-9522G"	"670*350*R85"
"G-9522GB"	"670*350*R85"
"G-9630AG"	"728*468*R113"
"G-9630G"	"728*468*R113"
"G-9630KGB"	"728*468*R113"
"G-9632K"	"728*468*R113"
"G-9633S"	"728*468*R113"
"G-9720KGB"	"670*350*R85"
"G2522S"	"670*350*R85"
"G-2820"	"670*350*R85"
"G2825G"	"670*350*R85"
"G2928"	"挖孔尺寸:728 × 468 mm  R113"
"G2932AG"	"728*468*R113"
"GAGGENAU"	"272*492*R5"
"JT-GC209A"	"670*350*R85"
"GC-388A"	"挖洞(W)725 x (D)465 / 92.5 mm"
"GH-2907"	"286*492*R5"
"GH-2957"	"286*492*R5"
"GH-401"	"W670*D350*R20"
"GH-7050-R"	"704*412"
"GH-9050"	"833*475*R5"
"GH7050-L"	"704*412"
"SG-2300EW"	"728*468*R113"
"GS-216Q"	"660*350*R60(前沿7cm)"
"GS-231Q"	"670*350*R65"
"GS-293"	"670*350*R30"
"GS-297"	"660mm *330 mm R60"
"GS-297Q"	"660*330*R60"
"RBTS-N212GNB"	"670*350*R30"
"G-211GB"	"285*485*R12"
"IR-9330HS"	"860*380"
"G-2623GB"	"728*468*R113"
"ICBIM15/S"	"356*489"
"ICBCT15G/S"	"356*489"
"MB-201GN"	"670*350*R85"
"SG-2720G"	"670*350*R30"
"RB-F2720G"	"725*465*R85"
"RBTS-N201S"	"670*350*R10"
"JT-120S"	"670*350"
"G-2720G"	"670*350*R30"
"G-270KGB"	"670*350*R85"
"IR-2339"	"720*425"
"IZ-7210"	"695*360"
"PXY675DC1E"	"562*492*R5"
"RB-1132H"	"280*507
面300*520"
"EG2120GB"	"280*355"
"GH-7050"	"704*412*R5"
"RB-37GB"	"725*465*R85"
"EG-2120"	"280*355"
"JT-GC209AW"	"670*350*R85"
"TID3580"	"570*375"
"RBG-N71W5G"	"560*465*R30(前沿6.5)"
"PD-701WS-75CK"	"565*460*R10(前沿6.5)"
"G-6120K"	"670*350前沿8"
"JT-2209A"	"670*350*R85"
"RB-201S"	"670*350*R85"
"EGT7427 CK"	"732*421"
"PI-3512TE"	"285*490"
"G-9633G"	"728*468*R113"
"takara"	"808*532*R65"
"EG-2320GB"	"停產570*375"
"G-2623AGW"	"728*468*R113"
"KZ-G32AST"	"560*460*R30"
"JT-GC299AL"	"機體770x520x115
挖孔725x465XR92.5"
"G-2633GBN"	"機體尺寸775 × 520 × 130 mm
挖孔尺寸728 × 468 mm R113"
"JT-GC299AW"	"670*350*R85"
"PKY875KW1E"	"750*490*R5"
"RB-F218GB"	"670*350*R85"
"G-2922"	"670*350*R85"
"JT-3002A"	"725*465*R92.5"
"LC-9000S"	"670*350多田牌崁入爐"
"TG-8503"	"670*350*R85"
"X2 6000MB TW"	"710*410"
"ITF6320"	"560*490"
"G-2522S"	"670*350*R85"
"VG231220CA"	"268*492"
"VG232220CA"	"268*492"
"WLS3777NEP"	"W750*D480~492mm"
"RB-F2610G"	"670*350*R85"
"S-3000"	"837*475"
"IRF-9430"	"860*490"
"PD-821WS-75CV"	"560*460*R20前沿6.5開挖"
"PD-809WS-75CV"	"565*460*R10前沿6.5開挖"
"JT-EB522"	"直徑11"
"G-2622"	"728*468*R113"
"G-9521"	"670*350*R85"
"EG-2320"	"570*375"
"KM-7564"	"600*500"
"JH-IH238"	"720*420"
"KM-6839"	"752*492"
"PMD82F31MP"	"680*350*R20"
"HIP-72B2 S2"	"710*410"
"G-9732G"	"728*468*R113"
"G-9521G"	"670*350*R85"
"ST-2190"	"670*350*R85"
"G-2522G"	"670*350*R85"
"SB-2183"	"668*403*R92.5"
"G-2826G"	"670*350*R85"
"EHH3220NVK"	"276*490*R5"
"VHI-72520STU"	"710*410"
"RB-N201"	"670*350*R85"
"RB-3CGT-TR"	"挖815*405"
"PRA326D71T"	"挖270*490
面306*527"
"PKF375FP1E"	"挖270*490
面306*527"
"PKF375FP2E"	"挖270*490~500
面306*527"
"RHS71W31E13VCSTW-13A"	"570*465*R30(前沿6.5)"
"RHS71W31E11RCBW-BA"	"565*460*R10(前沿6.5)"
"KZ-YP36S"	"565*460*R10(前沿6.5開挖)"
"G-2623AG"	"728*468*R113"
"RB-22G-TY"	"670*350*R85"
"SI1M7733B"	"560*490"
"G-2112G"	"挖285*485*R12
面315*510"
"JZC-95314ABB"	"860*490"
"DTI-1358DG"	"560*490"
"SH-303"	"310*330"
"RB-H3280"	"561*486"
"MB-200GB"	"670*350*R85"
"RB-L2610G"	"670*350*R85"
"RB-22G"	"670*350*R85"
"JZC-63312ABB"	"560*490"
"RB-N100G"	"挖268*490*R0
面310×520"
"RB71W23L1R5"	"挖孔560×460 (R20)"
"P903BPRONE"	"850*480
(面板後蓋3.5,前1,盡量靠前挖)"
"透氣孔"	"挖395*42
面420*5"
"VG231234RK"	"挖268*492
面288*512"
"GI-3416"	"275*495*R5"
"JT-IH239SR"	"670*350*R85"
"RB-L2700S"	"725*465*R85"
"PI-6530"	"560*490"
"G-2826"	"670*350*R85"
"JZT-D3"	"650*350"
"RB-L2620GB"	"670*350*R85"
"PD-862WS-75CK"	"565*460*R10-6.5"
"RB-L2700"	"725*465*R85"
"RBTS-Q230G"	"670*350*R10前8"
"G-6611"	"670 × 350*R10
(嵌入爐前沿8CM)"
"IZS-34700"	"挖280*490
面300xD510"
"JT-GC205A"	"670*350*R85"
"200GHB"	"670*350*R85"
"RB-2112G"	"285*485*R12"
"RB-L2600"	"670*350*R85"
"G-2922AGB"	"670*350*R85"
"MB-L2700"	"725*465*R85"
"RB-2280A"	"630*367*R5"
"KY-E227"	"710*368*R5"
"MB-D2600"	"670*350*R85"
"ILVE I9640CCGGV"	"840*480 前5.5開挖"
"EG-2231GB"	"270*490"
"P603IC1B2NEE"	"560*490"
"N212G"	"670x350xR85"
"IWHH7320TT"	"660*390"
"VI232120"	"挖268*492
面288*512"
"G2522BG"	"670 x 350 mm R85 "
"JT-GC299AS"	"670x350xR85"
"GIH340A"	"685x385"
"MBD3700"	"725*465*R85"
"RD641STS"	"560*460*R10~30"
"RB-2232HA"	"720×425(R0)"
"RB-D2600"	"670x350xR85"
"CH-308A"	"660*330*R60"
"PD-862WS-75CV"	"565*460*R10-6.5"
"JZT-QIGL2C"	"650*350*R20"
"G2112G"	"挖285×485(R12)
面315×510mm"
"VI232121"	"268*492"
"CS7612"	"358*500"
"EG-2350"	"680*410"
"RB-A2660S"	"670*350*R85"
"RB-A2660"	"670*350*R85"
"JT-GC111A"	"挖270*390*R28.5
面320x460"
"EA2G"	"735*415"
"RB-223IHA"	"720×425(R0)"
"P903BPROX"	"850*480"
"VEG2330"	"670*350*R85"
"X2-6000MB"	"710*410*R5"
"CI282102"	"782*492*R3"
"N201GB"	"670*350*R85"
"JT-GC277AS"	"670*350*R85"
"FMY 658 I FP BK"	"580x490"
"KY-A1W70"	"710*368*R5"
"Q4 60MB7400 TW"	"560*490"
"SB-2190S"	"670*350*R85"
"RB-N2621G"	"670*350*R85"
"RB-N2601S"	"670*350*R85"
"RB-N2601G"	"670*350*R85"
"RB-H2231HA"	"720*425*R0"
"MB-N2601G"	"670*350*R85"
"HT-N100KTWF"	"565*460*R10(前沿6.5開挖)"
"CI262-105"	"560*500"
"PD-893WT-U75GH"	"挖 565*460*R10
前沿6.5開挖"
"ICBIM15G/S"	"356*489"
"JZT-AB-B20"	"630*330*R20"
"MB-N2601S"	"670*350*R85"
"SG-33SA"	"W805 x D445 mm"
"FH-ID3120"	"680*410"
"EG2331AG"	"680*410"
"PC73GNOTW"	"(560~564)*(482~486)*R5"
"G-2627G"	"728*468*R113"
"CI272100"	"672*500*R5"
"SG-33S"	"W805 x D445mm"
"JT-EG268"	"720*420"
"ICBMM15TF-S"	"356*495"
"ICBMM15TF/S"	"356*495"
"ICBCG152TF/S"	"356*495"
"ICBCG152TF-S"	"356*495"
"GH7055-L"	"705*405"
""	""
""	""
""	""
""	""
""	""
""	""
"GS-333B"	"728*468*R105"
"GS293"	"670*350*R30"
"GS297"	"660mm *330 mm R60"
"H-809"	"外徑尺寸：730*460mm
內徑尺寸：700*400mm(適合挖W3-3mm)"
"HT-B60S"	"565*460*R10(前沿6.5開挖)"
"HT-M300XTWF"	"565*460*R10(前沿6.5開挖)"
"IB-321"	"272*502*R5"
"ICBCT 15G/S"	"356*489"
"ICBIM 15/S"	"356*489"
"IF-700CS"	"560*490"
"PI-6530 ATPO"	"560*490"
"IH-1017"	"282*509*R5"
"SIH-BH327BTW"	"690x390"
"SB-2206"	"670*350*R85"
"RB-L3700S"	"725*465*R85"
"GS2303"	"670×350mm R50"
"SRV572XGCTW"	"564*482*R5"
"RB-2660GB"	"670*350*R85"
"IH-1032"	"300*320"
"IH-1050"	"280*507"
"IH-201"	"315*375"
"IH-2015"	"280*507*R5"
"IH-2038"	"720*425"
"IH-2070"	"280*480"
"IH-2360"	"722*427*R5"
"IH-2365"	"外觀尺寸:750×450×81
挖孔:720×425"
"IH-2370"	"720*425"
""	""
"IH-2860"	"282*482*R5"
"IH-2865"	"728*428*R5"
"JH-GC288AT"	"725*465*92.5"
"MB-D3700G"	"725*465*R85"
"MB-D2600G"	"670*350*R85"
"HIP-72B2-L"	"710*410"
"IG-620 1G"	"560*495"
"RB-202GB"	"670*350*R85"
"RB-2280"	"630*367"
"RB-L2600GB"	"670*350*R85"
"VE230614"	"268*490
288*523"
"RB-2600S"	"670*350*R85"
"IH-7331231"	"560X490"
"IH-740"	"740*475"
"IH2860"	"282*482"
"RB-N3811G"	"815×405(R0)"
"JT-GC229AS"	"670x350 ∕ R85"
"JT-IH236-IH"	"688*388"
""	""
""	""
""	""
""	""
""	""
""	""
""	""
""	""
""	""
""	""
""	""
""	""
"JT-IH239S"	"670*350*R85"
"IH2895"	"挖孔尺寸(mm)    720×425"
"IR-6030"	"570*480*R5"
"IR-721"	"697*362*R5"
"IR721"	"697*362*R5"
"IRF-3200"	"面300X520
挖270X500"
"IRS-633"	"560*490*R5"
"IT 6350"	"外徑尺寸：605*515mm
內徑尺寸：560*490mm"
""	""
""	""
""	""
"IT-1188"	"352*492*R5"
"JG-2790S嵌爐"	"670*350前沿8"
"JIS-840PR"	"外徑:840X510
內徑:760X430"
"JIS-840PR"	"外徑840*515*185
內徑:760*430"
"JT-108C"	"外徑尺寸 : 830*525
內徑尺寸 : 750*452"
"JT-108CF"	"外830*525
內750*452"
"JT-123"	"外徑：880x510x235mm
內徑：520x435x220mm"
"JT-1620"	"外徑 620x470x215 mm
內徑 : 560x410x215 mm
前沿70開挖595X445"
"JT-1669L"	"外:690*500
內:600*410
前沿70開挖650X462"
"JT-1669B"	"外:690*500
內:600*410
前沿70開挖650X462"
"JT-1700"	"外徑：710×510×225mm
內徑：615×420×215mm"
"IZF-65320"	"560*490"
"JT-1790"	"外徑：790X 525 X 215mm
內徑：680X 415X 200mm"
"JT-1790"	"前沿70開挖738X472"
"JT-1820"	"外徑：820×520×220mm
內徑：750×445×220mm"
"JT-2008A"	"670*350*R85"
"JT-2009A"	"770×450×120
670×350×R85 "
"JT-2099A"	"挖洞尺寸(W×D/R )mm：670×350/85"
"JT-2111A"	"270*390*R28.5"
""	""
"JT-2201A"	"665*402*R92.5"
"JT-2203A"	"665*402*R92.5"
"JT-2208A"	"670*350*R85"
""	""
"BR-F212G"	"725×465(R85)"
"RB-2CDG"	"703x403"
"JT-2213A"	"665*402*R92.5"
"F312GB"	"725*465*R85"
"EG2231GB"	"270*490"
"200GH"	"670*350*R85"
"G-2921GBL"	"728*468*R113"
"N-201G"	"670*350*R85"
""	""
""	""
""	""
"JT-2213AS"	"670*350*R85"
"JT-2268S嵌爐"	"670*350R10前沿8"
"JT-2303A"	"725*465*R92.5"
"JT-2303S"	"725*465*R92.5"
"JT-3001"	"725*465*R92.5"
"JT-7045"	"外徑：700X450X240mm
內徑：660X410X240mm"
"JT-730A"	"外:730x520x220mm
內:665x455x220mm"
"JT-7510"	"外徑：751X446X229mm(方型槽，建議做W3(凸1~3mm)
內徑：711X406X229mm"
"JT-7744"	"外徑 770 x 440 x 240 mm
內徑 : 740x 410 x 240 mm"
"JT-7744"	"前沿75開挖740X410"
"JT-7800"	"263*483"
"JT-7800"	"挖洞尺寸(mm)	483 x 263 mm"
"JT-7800蔬果機"	"263*483*R10"
"JT-8545"	"外徑 495x452x200 mm
內徑 : 400x450 x195 mm"
"JT-8545"	"前沿70開挖411X459"
"JT-A6015"	"外徑 : 760 x 520 x 220 mm
內徑 : 685 x 445x 220  mm"
"JT-A6016"	"外徑 :690x525 x 22
內徑 600x410x 22"
"JT-A6017"	"外徑尺寸730 x 520 x 220 mm
內徑尺寸665 x 455 x 220 mm"
"JT-A6018"	"外徑:	820 x 520 x 230 mm"
"JT-GC209AGB"	"670*350*R85"
"JT-GC209S"	"670*350*R85"
"JT-GC288AL"	"725*465*R92.5"
"JT-GC288AS"	"670*350*R85"
"JT-GC288ASW"	"670*350*R85"
"JT-GC288ASWN"	"670*350*R85"
"JT-GC209APB"	"670*350*R85"
"IH-2099"	"672×372"
"JT-GC288AT"	"725*465*R92.5"
"JT-GC388A"	"挖洞(W)725 x (D)465 / 92.5 mm"
"JT-IH238"	"720*425"
"JTEG-101"	"313*333
面:330*350"
"JTEG-101"	"面板 : 330x 350 
內徑 : 313x 333"
"JTEG-1011"	"315*335"
"JTEG200"	"270*490"
"JT-IH238XSA"	"560*360"
"IZS3460"	"280*490"
"JTEG-100"	"270*490"
"RB-L3710G(BL)"	"725*465*R85"
"K-96117T-0"	"尺寸：533*368mm"
"KBG-110-70(深灰)"	"前沿80開挖747X416"
"KBG110-50"	"外      徑   54 x 44 x 20 cm
槽      身   50 x 40 x 20 cm"
"SB-2200"	"670*350*R85"
"KL-001"	"外徑：630 X 480 X 215 mm
內徑：560 X 410 X 200 mm"
"KL-003"	"外徑：760 X 500 X 215 mm
內徑：670 X 410 X 200 mm"
"KL-006A"	"外:435*435*55
內:380*380*50"
"KL-006B"	"外:435*435*185
內:380*380*180"
"KL-006B+消音墊"	"外:435*435*185
內:380*380*180"
"KL-101"	"外徑：700 X510 X 230 mm
內徑：650 X 460 X 215 mm
前沿70開挖680X490"
"KL-101B"	"外徑：700 X510 X 230 mm
內徑：650 X 460 X 215 mm
前沿70開挖680X490"
"KL-101F"	"外徑：700X 510 X 230mm
內徑：650X 460 X 215mm
前沿70開挖680X490"
"KL-102"	"外徑：690 X510 X 220 mm
內徑：630 X 455X 220 mm"
"KL-103"	"外徑：600X 510 X 215mm
內徑：520X 430 X 210mm"
"KL-101W"	"外徑：700 X510 X 230 mm
內徑：650 X 460 X 215 mm"
"TEKA IZ 7210"	"690*360"
"EG2330GB"	"680*410"
"RBQ-230GB"	"670*350*R85"
"RBGN71W5GA3XSVLTR"	"560*460*R30"
"RB-F-212GB"	"725*465*R85"
"EHI945BE"	"880*490*R5"
"EHI7280BE"	"680*400*R5"
"H-1180"	"272*410
面300*450"
"JT-2100S"	"670*350*R85"
"EHI7280BB"	"680*400*R5"
"G2923AGB"	"670*350*85"
""	""
""	""
""	""
""	""
""	""
""	""
""	""
"D2600G"	"670*350*R85"
"KL-103"	"前沿70開挖567X478"
"JT-GC209A"	"670*350*R85"
"KL-104"	"外徑：690X 500 X 215mm
內徑：600X 410 X 200mm"
"KL-105"	"外徑：780X 510 X 230mm
內徑：730X 460 X 215mm
前沿70開挖757X487"
"KL-105BL"	"外徑：780X510
內徑：730 X 460"
"KL-105FL"	"前沿70開挖757X487"
"KL-105FR"	"前沿70開挖757X487"
"KL-105L"	"外徑：780 X510 X 230 mm
內徑：730 X 460X 215 mm"
"KL-105R"	"外徑：780 X510 X 230 mm
內徑：730 X 460X 215 mm
前沿70開挖757X487"
"KL-166"	"外徑：820 X520 X 225 mm
內徑：735X 460X 215 mm
前沿45開挖775X500"
"KL-167"	"外徑：710 X450 X 225 mm
內徑：680X 420X 220 mm
前沿70開挖685X424"
"KL-167-1"	"外徑：335 X455 X 210mm
內徑：300X 420X 200 mm"
"KL-168"	"外徑：820 X520 X 230 mm
內徑：760 X 460X 215 mm
前沿55開挖801X504"
"KL-168FN"	"外徑：820 X520 X 230 mm
內徑：760 X 460X 215 mm
前沿55開挖801X504"
"KL-168"	"外徑：820 X520 X 230 mm
內徑：760 X 460X 215 mm
前沿55開挖801X504"
"KL-168F"	"外徑：820 X 520 X 230 mm
內徑：760 X 460 X 215 mm"
""	""
"JT-GC212S"	"670*350(R0)"
"KL-168N"	"外徑：820 X520 X 230 mm
內徑：760 X 460X 215 mm"
"KL-168N"	"外徑：820 X520 X 230 mm
內徑：760 X 460X 215 mm
前沿55開挖801X504"
"KL-172"	"外徑：860 X520 X 220mm
內徑：785X 445X 200 mm"
"KL-301"	"外徑：620 X480 X 205mm
內徑：560X 410X 200 mm
前沿70開挖602X461"
"KL-301A"	"外徑：620x480
內徑：560x410
前沿70開挖600X450"
""	""
""	""
"KL-302"	"外徑：560 X 455 X 175 mm
內徑：510 X 400 X 170 mm
前沿70開挖545X453"
"KL-501"	"內徑：670 X 410 X 200 mm
前沿70開挖672X421"
"KL-502"	"前沿55開挖748X420"
"PUE611BB5E"	"560 x (490 - 500)"
"VB-880"	"660×350mm"
"KL-502"	"內徑：740X 420 X 200mm"
"KL-504"	"內徑：600 X 410 X 200 mm"
"KL-505"	"內徑：560 X 410 X 210 mm"
"KL-506"	"內徑：520 X 430 X 200 mm"
"KL-601"	"外徑：700X510
內徑：650 X 460
前沿70開挖680X490"
"KL-605L"	"外徑：780X510
內徑：730 X 460"
"KL-605R"	"外:780*510
內:730*460
"
"KL-668"	"外徑 820x520x230 mm
內徑 : 760x460x215 mm"
"KL-668N"	"外徑：820X520 X 230mm
內徑：760X 460X 215mm
前沿55開挖801X504"
"KL-8475"	"外徑：740X 470 X 190mm
內徑:700X420MM"
"KL-8696"	"外徑尺寸 : 965*470
內徑尺寸 : 915*420"
"KL-9456"	"外:560X460
內:520X420"
"KL-9467"	"外:670*460*220
內:630*420*220"
"KL-9467"	"前沿60開挖629X415"
"KL-9474"	"外徑：740X 460 X 220mm
內徑：700X 420 X 220mm
前沿70開挖699X416"
"KL-9477"	"外徑 : 770 x460 x 220 mm
內徑 : 730 x 420x 220  mm"
"kL-9487"	"外徑：870X460 X 220mm
內徑：830X 420X 220mm
前沿50開挖830X420"
"KL105"	"外徑 780 x 510 x 230 mm
內徑 : 730x 460 x 215 mm
前沿70開挖757X487"
"KS-740F"	"外徑：740 X 515X 185 mm
內徑：7205 X 495/425 X 185 mm"
"KS-740F"	"前沿60開挖712X487"
"KSSX 8100"	"尺 寸：W 80 X D 45 X H 22.5 cm"
"KSSX-4830R"	"尺寸：W 483 X D 508 X H 254 mm"
"KSSX-8100"	"尺 寸：W 80 X D 45 X H 22.5 cm"
"KSSX8100"	"尺 寸：W 80 X D 45 X H 22.5 cm"
"710x368"	"710x368"
"KY-C113A"	"300*377"
"KY-E2270"	"712*368*R3"
"KY-E227B"	"715*412"
"KY-E227D"	"710*368*R3"
"KY-E227D"	"安裝尺寸710*368*R3"
"KY-E227D-L"	"710*368*R3"
"KY-E227DH"	"710*368*R4"
"KYE-227DH"	"710*368*R4"
"L-5115"	"外:460*380"
"L5113"	"外:530*390"
"L530K"	"W470*D440MM"
"L546GU"	"外徑 550 x 400 
前沿100開挖480X335"
"KY-A227E"	"710x368"
"L548GU"	"外徑 600x420
"
"L710CGUR"	"挖340*380*R10 
離後牆2公分"
"L762E"	"尺寸:530*450*15mm"
"LG-3031"	"660*350*R60(前沿7cm)"
"LG-3033"	"挖孔尺寸 660*330*R60mm"
"LUX30.2G"	"284*484*R5"
"LW-540E"	"W590xD415mm"
"LW1616"	"外徑:600*460
挖孔:參考圖面"
"LW1616CB"	"尺寸:W600xD460xH70mm"
"LW540E"	"外徑尺寸 :590×415
內徑尺寸 :540×345(有厚度)"
"LW711RCB"	"挖孔400x370xR10 離牆3Cm開挖
外徑600X500 靠牆"
"LW727CGUR"	"外徑 500x450
挖孔 478x365*R5"
"M8547-2"	"前沿70開挖800X420"
"MB-200GD"	"670*350*R85"
"MB-200GD"	"670×350(R85)"
"MB-200GF"	"670*350*R85"
"MB-200GH"	"670*350*R85"
"MB-200GF"	"670*350*R85"
"MB-200GN"	"670*350*R85"
"MB-200SD"	"670*350*R85"
"MB-200SD/WD"	"670×350(R85)"
"MB-201GF"	"725*465*R85"
"MB-201GN"	"670*350*R85"
"MB-201SF"	"725*465*R85"
"MB-201SN"	"670*350*R85"
"MB-220GH-TY"	"670×350(R85)"
"MB-26GN"	"670*350*R85"
"MB-300GB"	"815*405"
"MB-300GD"	"725*465*R85"
"MB-300GD"	"挖孔:W725ｘD465mm(R85"
"MB-300GD(左)"	"725*465*R85"
"MB-301GF"	"725*465*R85"
"MB-301GF"	"725×465*R85"
"MB-301SF"	"725*465*R85"
"MBTS-201SN嵌爐"	"670*330*R10"
"MG-300GD"	"725*465(R85)"
"MG-300SD/WD"	"725*465(R85)"
"MJGL-1917"	"外徑: 485*433       
內徑 : 433*380"
"MJGL-3018"	"外徑：762X 457
內徑：711 X 406
前沿70開挖720X415"
"MJGL-3018"	"前沿70開挖720X415"
"MJGL-5540"	"外徑: 600*450*210MM
內徑: 550*400"
"MJGL-6040"	"外徑: 650 x 450 x 230 mm
內徑:  600 x 400 mm
前沿75開挖700X364"
"MJGL-8040"	"外徑 850 x 450 x 230 mm
內徑 : 800x 400 "
"MJGL-8040"	"前沿70開挖800X399"
"MJGL3018"	"外徑：762 X457 X 230mm
內徑：711X 406 mm"
"MJGL6040"	"外徑 : 650 x 450 x 230 mm
內徑 : 600 x 400 mm
前沿56.5開挖597X396"
"MN-100XL-79
下嵌18F"	"前沿75開挖700X364"
"N71W5GA"	"560*460*R30"
"N801BIA"	"外徑尺寸 :834*554(65深枱面)
內徑尺寸 :800*430"
"NEM-5466UC"	"560*490"
"no.UON 7610"	"外徑 760x500(挖大或挖小)
內徑 : 690x400"
"NRC3WD6PDASR"	"560*460*R30MM"
"OSG-2329G"	"710*400*R5"
"PC930"	"842*477*R5"
"PCN731"	"挖560*480*R5
面750*510*33"
"PCW915B90T"	"850*492 (無R角)"
"PD-AF61WV-75"	"560*460*R30"
"PD-AF61WV75CV"	"565*460*R10-6.5CM"
"PDK-330TS"	"外:870*500*210mm
前沿70開挖841X471"
"PDK-F303TS"	"外徑：760X 480 X 220mm
內徑：710X 430"
"PDK-FR105"	"外徑 440x490
內徑 : 400x450"
"PDS-850"	"外:850X515
前沿70開挖818X485"
"PDS-850W"	"水槽尺寸: W850xD515xH204mm"
"PDS850"	"外徑 : 850x515x204mm"
"PDS850"	"前沿70開挖813X480"
"PH-3200ZT"	"492*287"
"PHN-932"	"837*477*R5"
"MB-220GH"	"670*350*R85"
"PI-7551 PSTK"	"挖:760X500XR10
機體:770X520X80"
"PI-7551-PSTK"	"挖:760X500XR10
機體:770X520X80"
"PI-7551RSTK"	"挖:760X500XR10
機體:770X520X80"
"PIB375FBIE"	"機:306*527
安:272*498*R5"
"PKF-375FP1E"	"272*492*R5"
"PKF375FP1E"	"272*492*R5"
"PKF375V14E"	"272*492*R5"
"PKK651FP1E"	"560*490"
"PKY475N14W"	"360*490"
"PPI-82560TW"	"702*402*R20"
"PPI82560TW"	"702*402*R20"
"PPU816B1TT"	"562*482*R5"
"PPW916B2TT"	"850*490*R5"
"PRA326B70E"	"272*492*R5"
"PRA326B90E"	"272*492*R5"
"PRB326B70E"	"272*498*R5"
"PRB326B90E"	"272*492*R5"
"PRW926B20T"	"850*490~502"
"PXE675DE4E"	"562*492*R5"
"QUADRA100-U"	"外徑：W380 x H220 x D440 mm

內徑：W340 x D400 mm"
"R79-97"	"外徑:790*500
挖孔:770*480*R10"
"RB-100GH"	"270*492*R5
面310*520"
"RB-100GN"	"270*492*R5"
"RB-1130H"	"282*509*R5"
"RB-1131H"	"280*507*R0
面300*520"
"JT-IH239S"	"670x350 ∕ R85"
"RB-11N-C-TR"	"機:310*521.5
挖:270*492*R5"
"RB-12C-C-TR"	"270*492*R5"
"RB-200GD"	"670x350xR85"
"RB-200GN"	"670*350*R85"
"RB-200SH"	"670*350*R85"
"RB-F2620"	"670*350*R85"
"KY-X1131"	"268*500*R5"
"PKK651FP8E"	"560*490"
"PXX675DC1E"	"挖882*492
面916*527"
"RB-A3760GBL"	"725x465x(R85-R113)"
"RB-200SH"	"670×350(R85)"
"RB-201GH"	"670×350(R85)"
"RB-201GN"	"670*350*R85"
"RB-201SN"	"670*350*R85"
"RB-202GH"	"670*350*R85"
"G-2929"	"670*350*R85"
"G-2929G"	"670*350*R85"
"RB-202GH(B)"	"670*350*R85"
"RB-209GF"	"670*350*R85"
"RB-A2660G"	"670*350*R85"
"RB-212G"	"670*350*R85"
"RB-F2720GB"	"725*465*R85"
"RB-2710G"	"725*465*R85"
""	""
"PL-691"	"680*380*R45"
"RB-212G(B)"	"670*350*R85"
"FIH-3210"	"挖268*500
面288*520 "
""	""
""	""
"RB-A3760GBR"	"725x465x(R85-R113)"
"RB-219G"	"670*350*R85"
"RB-2230H"	"722*427*R5"
"RB-2231H"	"722*427*R5"
"RB-22GB"	"670*350*R85"
"RB-2331H"	"722×427xR5"
"RB-25"	"670*350*R85"
"RB-25-L"	"670*350*R85"
"RB-25L"	"670*350*R85"
"RB-26F"	"670*350*R85"
"RB-26GF"	"670*350*R85"
"RB-26GF(B)"	"670*350*R85"
"RB-26GN"	"670*350*R85"
"RB-271GF嵌爐"	"670*350前沿8"
"RB-27F"	"725*465*R85"
"RB-27GF"	"725*465*R85"
"RB-2CG"	"705×405*R5"
"EX975KXV1E"	"882*492"
"RS-721W9S8R"	"560*460*R20-6.5開挖"
"PD-721WS-75CV"	"565*460*R10(前沿6.5開挖)"
"RB-2CGB"	"703*403"
"RB-2CGT"	"705×405*R5"
"RB-2CGB"	"703*403"
"RB-2CGS"	"705×405*R5"
"RB-2CGS(B)"	"挖708*408*R10
原703*403"
"RB-2GMB"	"670*350*R5"
"RB-2GMB"	"外觀尺寸:750×132.6×450
挖孔尺寸:670×350(R0)"
"RB-300GD"	"725*465*R85"
"RB-300GN"	"815*405*R0"
"RB-300SH"	"725*465*R85"
"RB-A3760G"	"725x465x(R85-R113)"
"X2-6000MB TW"	"710*410*R0"
"PD-819WS-U75GH"	"565*460*R10
(爐連烤前沿6.5開挖)"
"PD-819WS-75CV"	"""565*460*R10
(爐連烤前沿6.5開挖)"""
"EG2300G"	"560*490"
"RB-300SH"	"725*465(R85)"
"RB-301GH"	"725*465*R85"
"RB-301GH"	"725*465(R85)"
"RB-302GH"	"725*465*R85"
"302GH"	"725*465*R85"
"G-2830GB"	"728*468*R113"
"G-9511KG"	"670*350*R30"
"RB-31A"	"725*463*R90"
"SB-3208"	"835*475"
"RB-31B"	"725*465*R85"
"RB-350GN-4CM"	"565*460*R10(爐連烤前沿6.5開挖)"
"EG-2331GB"	"680×410"
"RB-37F"	"725*465*R85"
"RB-37G"	"725*465*R85"
"RB-37GF"	"725*465*R85"
"RB-3CG"	"825*415*R10"
"RB-3CG(B)"	"825*415*R10"
"EG2351G"	"680×410"
"RB-3CGB"	"825*415*R10"
"RB-3GMB"	"815*405"
"RB-F212G"	"725*465*R85"
"RB-F212GB"	"725*465*R85"
""	""
"RB-F219G"	"670*350*R85"
"RB-F312G"	"725*465*R85"
"RB-F312"	"725*465*R85"
"RB-F312GB"	"725*465*R85"
"RB-F321G"	"725*465*R85"
"RB-H301S"	"725×465(R85)"
"RB-N212"	"670*350*R85"
"EX375FXB1E IQ700"	"272*492"
"EX375FXB1E"	"272*492"
"RB-N212G"	"670*350*R85"
"RB-N212GB"	"670*350*R85"
"RB-N312G"	"815*405*R5"
"RB-N312GB"	"815×405*R0"
"RB71AM3B1S-VW-TR"	"565*460*R10前沿6.5"
"RB71AM3BIS-VW-TR"	"565*460*R10-6.5CM"
"RB71AMSB1S"	"565*460*R10前沿6.5"
"RBF-312GB"	"挖孔:725*465 R85"
"RBF312G"	"725×465(R85)"
"RBG-350GN"	"565*460*R10-6.5CM"
"PD-819W-75GZ"	"565*460*R10(前沿6.5)"
"RBG-350GN-TR"	"565*460*R10(前沿6.5)"
"RBG-N71W5GA"	"565*460*R10(前沿6.5)"
"RBG-N71W5GA-3X-SV"	"565*460*R10(前沿6.5)"
"RBG-N71W5GA3X-SVL"	"565*460*R10前沿6.5"
"RBS71W31E12RCSTW"	"565*460*R10前沿6.5開挖"
"RBR-U51SV"	"565*460*R10前沿6.5"
"RBTS-200SN"	"670*350*R30"
"RBTS-201GN"	"670×350*R30前沿8"
"RBTS-201SN-4CM"	"662*319*R5崁入爐"
"RBTS-227GC-B-4CM"	"挖孔:662*319*R5
(嵌入爐前沿8CM開挖)"
"RBTS-271GF-4CM"	"662*319*R5崁入爐前沿開挖八公分"
"RF-101"	"313*333"
"G-360G"	"670x350xR85"
"RF-106"	"310*330"
"RF-107"	"662*382*R5"
"RHS71W15G7R30-STW"	"570*465*R30(前沿6.5)"
"RB-N2630G"	"670*350*R85"
"RHS71W23L7RSTW-13A"	"565*460*R10(前沿6.5)"
"RHS72W22E2RC-STW"	"565*460*R10(前沿6.5)"
"HIP-72B2S2"	"710*410"
"RHS72W22E4RC-STW"	"565*460*R10(前沿6.5)"
"RHS72W22E6RC-STW"	"565*460*R10(前沿6.5)"
"RHS72W22ERC-STW"	"565*460*R10(前沿6.5)"
"RS721W958R-VR-TR-4CM"	"挖孔:565×460xR10(爐連烤前沿6.5開挖)"
"RS721W9S8R"	"565*460*R10(前沿6.5)"
"RS721W9S8R-VR-TR"	"565*460*R10(前沿6.5)"
"RS721W9S8R-VR-TR"	"565*460*R10(前沿6.5)"
"EHI3251BE"	"270*490*R5
面300*520"
"RSK-N78W6GG1X5-AR"	"565*460*R10(前沿6.5)"
"S-5860"	"670 × 320"
"SA"	"前沿50開挖787X557"
"SA-R"	"前沿50開挖787X557"
"SAG-315"	"705*400*R30"
"SB"	"外:88.7
內:820*485*183
挖:85.5"
"SB-1020"	"298*468*R12"
"SB-2020"	"298*468*R12"
"SB-2109"	"728*468*R92.5"
"SB-2170"	"728*468*R92.5"
"SB-2170"	"728*468*R92.5"
"SB-2182"	"668*403*R92.5"
"SB-2183"	"668*403*R92.5"
"SB-2206"	"670*350*R85"
"SB-3008"	"728*468*R92.5"
"SB-3100"	"836*474"
"SB-3109"	"728 × 468 R92.5"
"SB-3200"	"837*477*R5"
"SC-600"	"內徑：600X410 X 200mm
前沿70開挖610X419"
"SC-630"	"內徑：630 x 430 x 220 mm"
"SCHOCK MN-100XL-87"	"外徑:83.8 x 53 x 24(挖大或挖小)
內徑:76.8X41.4"
"SCHOCK MN-100XL(延用水槽)"	"前沿80開挖768X413"
"SD"	"內:650*485*183"
"SE-1092"	"挖308X328
面330X350X87"
"SE-1690-0"	"外徑：690 X420 X 220mm
內徑：650X 420X 200mm
前沿70開挖655X427"
"SE-2400"	"外徑：400 x 530 x 210 mm
內徑：350 x 420 x 210 mm"
"SE-640-w"	"外徑：640X 490 X 220mm
內徑：560X 410 X 220mm
前沿70開挖613X462"
"SE-760"	"外徑: 760×520×220H        
內徑 : 685×445×210H"
"SE-820"	"外徑尺寸 : 830×520×220H
內徑尺寸 : 750×445×210H"
"SE-820PB-0"	"外　　徑：820 x 520 x 220 mm
內　　徑：750 x 455 x 220 mm"
"SE-820PB-0"	"前沿65開挖792X492"
"SE-830-1"	"外徑：830X525 X 220mm
內徑：750X 452X 200mm"
"SEM-88S"	"750*490 MM"
"SERIES 93S"	"挖孔尺寸：805×445 mm"
"SG-2511"	"670*350*R30"
"SG-2522G"	"670*350*R85"
"SG-2623GB"	"728*468*R113"
"SG-9630G"	"728*468*R113"
"EG2100G"	"270*490"
"SGFH706741C"	"510*410"
"SH-150T"	"315*375"
"SH-180T"	"315*375"
"PIB375FB1E"	"機:306*527
挖:272*498*R5"
"SK"	"前沿50開挖875X556(枱面須65深)"
"SK-2051P"	"670*350*R10-8CM"
"SK-ESINK"	"前沿50開挖875X556"
"SKL-301"	"外徑：620 X480 X 205mm
內徑：560X 410X 200 mm"""
"SKL-301F"	"外徑：620 X 480 X 205 mm
內徑：560 X 410 X 200 mm"
"SKL-301F"	"前沿70開挖602X461"
"SMEG P-772"	"560*490"
"SN-175-87"	"前沿106開挖900X494"
"SPDL-860"	"外徑 : 860 x 520 x 215 mm
內徑 : 785 x 445 x 215 mm"
"SPDL-860"	"前沿70開挖828X486"
"SQD101-601W"	"外740*455"
"SRV573XGT"	"560*478"
"ST-2172"	"668*403*R92.5"
"ST-2173"	"668*403*R92.5"
"HT-N8STF"	"挖565*460*R10
前沿6.5開挖"
"ST-2173"	"668*403*R92.5"
"ST-3002"	"728*468*R92.5"
"ST-3038"	"728*468*R92.5"
"ST-3139"	"728*468*R92.5"
"STL-102"	"315*335"
"STL-500A"	"535*305"
"STL-500B"	"678*415"
"SUBLINE 400-U(挖大或挖小)"	"外徑尺寸：430*460mm
內徑尺寸：400*400mm"
"SUBLINE 500-U"	"外徑：530x460
內徑：500x400"
"SUBLINE 800-U"	"外徑：830x460(挖大或挖小)
內徑：800x400
前沿75開挖810X408"
"SUBLINE700-U"	"外徑:730x430
內徑:700x400
前沿65開挖706X406"
"花崗岩水槽700-U"	"外徑:730x430
內徑:700x400
前沿65開挖706X406"
"700-U"	"外徑:730x430
內徑:700x400
前沿65開挖706X406"
"SUS-443Z"	"外徑:830x550x205mm
內徑:770x490x205mm"
"SUS304-ZM"	"外徑尺寸：480*790mm
內徑尺寸：430*740mm"
"SUS443"	"外徑 : 830 x 550 x 205 mm
內徑 : 770x 490 x 205 mm"
"SV"	"外:732*585
內:670*520(枱面須65深)
前沿50開挖708X560"
"SV-ESINK"	"前沿50開挖708X560"
"SVAGO CS-680"	"前沿70開挖712X487"
"SVAGO-TSR-1803"	"274*350*R10"
"SVAGOTSR-1503"	"274*350*R10"
"SVAGOTSR-1803"	"274*350*R10"
"T-450"	"450*420"
"T-V08"	"外徑：790 X 485 X 230 mm
內徑：712 X 407 X 230 mm
挖:前沿70: 760 X 454"
"T-V08"	"前沿70開挖760X454"
"PC-3225"	"670*340"
"RB71W23L1R5-STW-TR"	"570*470*R20-6.5"
"RB-3CGT-TR"	"機體:853*130*434
挖孔:820*410*R5"
"RB-12S-C-TR"	"268*490"
"G-6903嵌爐"	"670*350前沿8"
"G-6110KS嵌爐"	"670*350前沿8"
"G-6902嵌爐"	"670*350前沿8"
"RHS72W22E4R2D-STW"	"565*460*R10(前沿6.5)"
"TG-8311G"	"670*350*R85"
"SB-3205"	"728*468*R92.5"
"PD-831WST"	"560*460*R20"
"PC-930"	"835*475"
"PIE375N14E"	"272*492*R5"
"PRA 326B"	"272*492*R5"
"CT-1935"	"外935*490
內860*410"
"PPW9A6B20T"	"852*495*R5"
"CK 200B"	"Ø12.5"
"EG-2202G"	"670*350*R85
面750"
"PXX375FB1E"	"挖272*498*R5
面306*527"
"RB-A2600G"	"670*350*R85"
"G-2523YG"	"670*350*R85"
"RB-L301S"	""
"MB-100GD"	"285*465"
"PC31GNOTW"	"254*480*R5"
"RB32AM5H2S-BW"	"565*460*R10(前沿6.5開挖)"
"T-V08"	"前沿70開挖760X454"
"RB-L2600S"	"670×350xR85"
"JH-IH239SR"	"670x350xR85"
"G-211G"	"285*485*R12"
"RB-A3760S"	"725x465(R85-R113)"
"SG-9511G"	"670*350*R30"
"SR-150T"	"259*271"
"RHS71W31E12VCASTW"	"565*460*R10(前沿6.5開挖)"
"SB-2207"	"670*350*R85"
"VEG2670"	"W560xD480"
"RB-N2611G"	"670*350*R85"
"DTG1288XC"	"挖280*485*R5
面308*518"
"TE-7846"	"前沿80開挖734X413"
"TEKA IB-321"	"產品尺寸：W300 X H60 X D520mm
安裝尺寸：W270X D500mm"
"TEKA IR721"	"697*362*R5"
"TEKAIR721"	"697*362*R5"
"TG-320SV嵌爐"	"660*320*R5"
"TG-7703"	"670*350*R10"
"MB-201G"	"670*350*R85"
"嵌爐"	"670*350前沿8"
"RB71AM5U325-VW-TR"	"560*460*R30"
"G-6330嵌爐"	"670*350*R10前沿8"
"TG-7703嵌爐"	"670*350*R10前沿8"
"TG-8501G"	"670*350*R85"
"TG-8503G"	"670*350*R85"
"TG-8506G"	"670*350*R85"
"TG-8507G"	"670*350*R85"
"TG-8533G"	"728*468*R113"
"TG-8536G"	"728*468*R113"
"FMY 808 I FP BK"	"750x490mm"
"TI-620"	"外徑 620x470x205 mm
內徑 : 560x410x200 mm"
"TI-620"	"前沿70開挖595X445"
"TID-7222"	"750*490*R5"
"TID-3510"	"268*500"
"TOTO-LW711"	"挖孔400x370xR10 離牆3Cm開挖
外徑600X500 靠牆"
"TRS-1503"	"274*350"
"TRS-635"	"560*490*R5"
"TSR-1503"	"274*350"
"TSR-1803"	"274*350"
"TV-08"	"外徑：790 X 485 X 230 mm
內徑：712 X 407 X 230 mm"
"T-V08"	"前沿70開挖760X454"
"TV-08"	"前沿70開挖760X454"
"U-2584"	"外徑:840*460
內徑:800*420
"
"U1-600"	"外:690*500
內:600*410"
"U1-790"	"外徑：790 X 525 X 215 mm
內徑：680 X 415 X 200 mm"
"U1-815"	"外徑尺寸 : 830×520×235
內徑尺寸 : 740×430×200"
"U2-962"	"外:960*500
大內:630*430小內:225*370
"
"UQADRA100-U"	"安裝尺寸：W340 x D400 mm"
"EG-2351"	"680*410"
"IBS-32930"	"W268xD500
W300xD510"
"G1110"	"685*375"
""	""
"VE-230934"	"268*490"
"VE-231234"	"268*490"
"VG232220CA"	"268*492"
"VG231234RK"	"288*510"
"VG232234RK"	"挖268*490
面288*510"
"VHI-72520"	"712*412*R5"
"G-9922AG"	"670 x 350 (R85) (同G-2922AG)"
"G-9922AG"	"670 x 350 (R85) (同G-2922AG)"
"VHI-72520 TU"	"712*412*R5"
"VHI-72520STV"	"710*410*R5"
"VHI-72520TU"	"712*412*R5"
"VHI-7252OSPU"	"710*410*R5"
"VHI-72520STU"	"710*410*R5"
"VI-230"	"272*492*R3"
"W-168"	"前沿55開挖801X504"
"WA1430"	"直徑10公分外徑35公分"
"WKJ-300R"	"外徑 1020x470 mm
內徑 : 910x402 mm"
"WL601"	"前沿70開挖680X490"
"WP-87208"	"前沿75開挖720X415"
"WP-87218"	"前沿55開挖801X504"
"WT1540"	"外:540*440
內:500*400"
"ZEPA-HG2"	"704*412"
"SA-L"	"前沿50開挖787X557"
"G-9633"	"728*468*R113"
"JT-730"	"外徑：780x510x210mm
內徑：710x445x200mm"
"RB-202GH"	"670*350*R85"
"SE-840-1"	"外徑：840 x 520 x 220 mm
內徑：760 x 455 x 220 mm"
"JT-2268S-4CM"	"機身尺寸700 x 380 x 220 mm
挖洞尺寸660 x 330 x 185 mm(嵌入爐)"
"GS330"	"挖孔尺寸:755x475 R116mm
機體尺寸： 800x500x130mm"
"SO-700"	"外徑：700 x 500 x 220 mm
內徑：630 x 430 x 220 mm"
"GU-288ST-4CM"	"670*350*R10(嵌入爐前沿8公分)"
"JT-F102"	"外徑：490X490X200mm
上緣內徑：450X450X200mm         "
"GH-2909"	"284*490"
"GH-2959"	"284*490"
"G-2825"	"670*350*R85"
"DS-750"	"尺寸:750*510*185mm
內徑:726*483*365mm"
"VI424110"	"挖745*494*R45MM"
"VG414210CA"	"挖745*494*R45MM"
"JT-KS740"	"外徑：740x510
內徑：665x435"
"JT-KS840A"	"外徑：840x510
內徑：765x430"
"JT-2208G"	"挖孔:(W)670 x (D)350 / 85 mm"
"SE-1800-1"	"外徑：800 x 545 x 220 mm
最大內徑：755 x 505 x 220 mm
最小內徑：740 x 420 x 220 mm"
"RB-N212GBN"	"挖孔尺寸W×D：670×350(R85) mm"
"DS-740"	"尺寸740*515*185 
內徑660*350*185"
"G6512"	"挖孔670 × 340*R10前沿8公分"
"N801B1A-EB"	"外834*554
內800*505"
"SI5632D"	"560*490"
"G-2921GB"	"728x468xR113"
"CO1-5001"	"外徑尺寸 610X457X205H
內徑尺寸 :544X394X205H"
"EOC5851FAX"	"嵌入尺寸: W560 x H590 x D550毫米"
"SE-1690-1"	"外　　徑：690 x 460 x 220 mm
內　　徑：650 x 420 x 220 mm"
"SE-830-W"	"外徑：830 x 525 x 220 mm
內徑：750 x 452 x 220 mm"
"MB-3700G"	"725ｘ465xR85"
"RB-F2620G"	"670*350*R85"
"KL-9449"	"外490*460*220MM
內450*420*220MM"
"SUS-7045"	"外650*430
內610*390"
"WP87810"	"外810*520*200MM"
"G-2922AGN"	"670*350*R85"
"CSK M5547"	"W550 * D470mm * H200mm"
"KSSX-7000R"	"尺寸：W 700 X D 450 X H 225 mm"
"VHI-72520STU"	"機體:765*450*55
安裝:710*410"
"AH-2C"	"675 x 400"
"IRS-943"	"機體尺寸:W900*H60*D510
安裝:W860*D490"
"TG8503GB"	"	
670×350 mm R85"
"EHL9530"	"機體尺寸：W910xD410mm
挖孔尺寸：W882xD382mmxR5"
"EHL-9530"	"機體尺寸：W910xD410mm
挖孔尺寸：W882xD382mmxR5"
"ITH-65320"	"560*490"
"JT-690"	"外徑：690x495x220mm
內徑：605x425x220mm"
"MB-201GF"	"挖孔:W725ｘD465mm(R85)"
"RB-A2760S"	"725*465*R85~R113"
"EQL-4520BOZ"	"安裝尺寸：
H38xW340xD490mm"
"I9640CCGGV/I"	"挖840*480*R10(前沿5.5)
面860*500"
"P760-C花崗岩水槽"	"尺寸：76 × 50 x 20.7cm"
"SO-830"	"740*420"
"SG-6600A"	"670*350*R10(崁爐前沿8cm)"
"DTI1041X"	"挖340*490
面380*520"
"RB27F"	"725*465*R85"
"EGT9637CKN"	"挖834x472xR5"
"DTI1101X"	"挖267*492*R5
面308*518"
"RB71AM3B1S-VW-TR "	"挖孔560*460*R30"
"RB-200GH"	"750x420
670x350xR85"
"BEST-GH9050"	"833*475"
"RB-H201S"	"670×350XR85"
"G-2620G"	"728*468*R113"
"L-546GU"	"550*400"
"RB-L3710G"	"725*465*R85"
"SAS-R"	""
"SE-780"	""
"QUADRA130U"	"產品尺寸: W760 × H220 × D440 mm

安裝尺寸: W720 × D400 mm"
"KL-101BW"	"外徑：700x510x230 內徑：650x460x215"
"KL-668W"	"外徑:820X520X230MM 內徑:760X460X215MM"
"MJGL-7540"	"外徑：800 x 450 x 210 mm內徑：750 x 400 mm"
"SE-760DA"	"外徑 : 760×520×220內徑 : 685×445×210"
"PKF375EP1E"	"270*490"
"KL-8745"	""
"AVEO7148"	""
"KL-8379"	"外徑:790X470X230內徑:740X420X220"
"SUS-340"	""
"YW7849"	""
"KL-172"	"外徑:860X520X220內徑:785X445X200"
"SO-700"	"外徑：700 x 500 x 220 mm
內徑：630 x 430 x 220 mm"
"RB-M2720GB"	"725*465*R85"
"LW540E"	"W590xD415mm"
"KL-167"	"外徑：710 X450 X 225 mm
內徑：680X 420X 220 mm"
"PDK-330"	"W870 x H210 x D500 mmW840 x D470mm"
"RBG-N71W5GA3X-SVL-TR"	"565x460xR10"
"SE-730P-5"	"外徑：730 x 520 x 220 mm
內徑：665 x 455 x 220 mm"
"LW1715B"	"W500xD370xH60mm"
"MJGL-4040"	""
"P760-C"	"76 × 50 x 20.7cm"
"C10-5001"	"720X370X220H"
"RB-M2620"	"670*350*R85"
"KL-9434"	"外徑:340X460X220內徑:300X420X220"
"KL-8450"	"外徑:500X470X220內徑:450X420X210"
"KL-166"	"外徑:800X520X225內徑:735X460X215"
"C01-5001"	"外徑:610X457X205H內徑:544X394X205H"
"542AB"	""
"SEA760"	"外徑:760×520×220H內徑: 685×445×210H"
"SUS304"	"680*430*228MM"
"WT-2770"	"外徑:770X500X200內徑左大:500X400X200內徑右小:200X400X200"
"800U"	"外徑:830X460內徑:800X400"
"SE-1690"	"外徑：690 x 460 x 220 mm
內徑：650 x 420 x 220 mm"
"ARQ70"	"外徑:700X220X450內徑:670X430"
"FK-75"	"外徑:810 內徑75"
"SD-740"	""
"DS-840PL"	"外徑:840X510X185mm內徑:770X440"
"K-2660T*4"	"L58.5xW46xH17.3cm"
"KY-C1W70"	"710 × 368"
"SKL-104"	""
"BLANCO 800U"	"外徑:830X460內徑:800X400"
"GI3416"	"W275*D495 mm"
"FW559"	"外徑尺寸 : 590×510×230H內徑尺寸 : 540×445×230H"
""	""
"CHOCK-R79-99"	"79 x 50 x 19.5 cm"
"KL101B"	"外徑:700X510X230內徑:650X460X215"
"SW-730P-W"	""
"CS-750P"	""
"TOTOL5716E"	"W600xD380xH70mm"
"S-850"	"外徑:850*515*180mm內徑:770*435*180mm"
"SG-2511G"	"670*350*R30"
"GH2929"	"280*480"
"MJGL-9040"	"外徑:950X450X230內徑:900X400"
"FW557"	"外徑 : 565×518×210H內徑 : 500×450×200H"
"JT-S740"	"外徑：740 X 515 X180mm內徑：665X 435X 180 mm"
"400-U"	"外徑:460X430內徑:400X400"
"LW17171B
LW1716B"	"700X400 W600xD385xH65mm"
"Montano N-100"	"外徑:838X530內徑:768X414"
"KL-101"	"外徑:700X510X230內徑:650X460X215"
"SE830-2(庫存)"	"外徑：830 x 525 x 220 mm內徑：750 x 452 x 220 mm"
"JT-8415"	"外徑:415X140內徑:370X140"
"KL-7166"	"外徑:800X520X225內徑:735X460X215"
"CICO-850P(L)"	"外徑：850 * 515 * 180 mm
內徑：770 * 440 * 180 mm"
"KL-004"	"外徑:860X500X215內徑:740X410X200"
"SUS443Z"	"外徑:830x550x205mm
內徑:770x490x205mm"
"ACX610FS延用舊水槽"	"外徑:86 x 51 x 23 cm
內徑:75 x 41.5 x 23 cm"
"PDK-F303TS*2"	"外徑：W760 xH220x D480mm
內徑：W710 x D430mm"
"SKL-104F"	""
"GH-2522GK"	"670*350*R85"
"KL-101
8/21泰+澤和去拆回"	"外徑:700X510X230內徑:650X460X215"
"PDS850有庫存"	"外徑:850X515X204內徑:770X360"
"CS-001"	""
"LW-540E"	"W590xD415mm"
"KL-601W"	"外徑：700x 510 x 230 mm
內徑：650 x 460 x 215 mm"
"RB-N201S"	"670X350XR85 mm"
"KL-009"	"外徑：710 X 515 X 220 mm
內徑：630 X 430 X 210 mm"
"BHI-311"	"270*500"
"F1-562"	"內徑：630 X 430 X 210 mm"
""	""
"TG-8532G"	"728 x 468 mm R113"
"KL-303"	"外徑：400 X 480 X 175 mm
內徑：340 X 420 X 170 mm"
"PPX110-76 R10"	"外徑   80 x 45 x 20 cm
槽身   76 x 41 x 20 cm"
"DKB BBQ"	"270*494"
"N750BIA-EB"	"外784*514
內750*465"
"N742BI"	"外776*515
內700*380"
"GH-2522GL"	"670*350*R85"
"IG-2390"	"720×425"
"MA-6842"	"外730*470*R3
內680*420"
"KL-8379A"	"外790*470
內740*420"
"MB-Q230"	"670*350*R85"
"JT-2208S"	"670*350*R85"
"RB-2232H"	"720*425"
"TG-8536G"	"挖洞尺寸728*468*R113"
"SE-1800"	"外徑：800 x 545 x 220 mm
最大內徑：755 x 505 x 220 mm
最小內徑：740 x 420 x 220 mm"
"KS-2123"	"外徑 600x510x225 
內徑 545x455x220"
"ST-3002P"	"728*468*R92.5"
"3058GT"	"670*350*R65"
"KL-9886"	"外徑875X420X220mm
內徑815X385X220mm"
"SIB-EMB"	"外804*530
內740*460"
"VG232234PK"	"W268 D490"
"VG231234PK"	"W268 D490"
"SG-2522GB"	"670*350*R85"
"QUADRA130"	"產品尺寸 w790×h200×d500 mm
開孔尺寸 w760×d480mm"
"JT-RF101"	"面330*350
挖313*333"
"BEST E2861"	"W550*D480"
"RB-2620G"	"670*350*R85"
"GS-333"	"挖孔尺寸:728x468 R113mm "
"RB-31G"	"72.5*46.5*R8.5"
"JTEG-200"	"270 x 490 mm"
"FUJTON2293S"	"挖孔尺寸W805*D445"
"GS-297(N)"	"660*330*R60"
"DM-V08"	"外790*485*230
內712*407*230
"
"RHS71W32L1RSTW-BA"	"565*460*R10(前沿6.5開挖)"
"PPI82568TW"	"702*402"
"RB-212GB"	"670*350*R85"
"G-2820GBN"	"670*350*R30"
"ST-3310"	"◎ 爐具外觀尺寸：875 × 515 × 115 mm
◎ 挖孔尺寸：W835 × D475"
"G-2820GW"	"670*350*R85"
"SG-2630"	"728*468"
"HD-4925"	"挖孔265*335"
"MB-N201S"	"670*350*R85"
"G-2926GBN"	"670*350*R85"
"RBG-N71W5GA3X"	"560*460*R30"
"G-6513S"	"66*33*9"
"RB-N-212GB"	"670*350"
"IH-1132"	"外觀:320 X 340 X 81(含爐腳20) mm
挖孔尺寸：300 X 320 mm"
"PVS645FB1E"	"562*495*R5"
"G-2527G"	"670*350*R85"
"GIO2116"	"275*495"
"KL-7101"	"外:700*510 
內:650*460"
"MB-N201GB"	"670*350*R85"
"TEKA-VTTC2P1"	"270*500"
"RB-H302GH"	"725*465*R85"
"RM88TC-BI"	"272*502*R5"
"PPU816BITT"	"面762*520
挖562*492"
"350GN"	"565*460*R10
前沿6.5+0.8=7.3"
""	""
""	""
"RB-201N"	"670*350*R85"
"JT-A6017"	"外徑 730 x 520 x 220 mm
內徑 665 x 455 x 220 mm"
"EG-262P"	"670*350*R30"
"UZ279"	"653*353*R5"
""	""
"L-620K"	"W646xD421mm"
"G-250"	"660*330*R60"
"RB-302GHB"	"725*465*R85"
"G-2830KS"	"728*468*R113"
"TG-8521G"	"775 × 520 × 130
728 × 468 × R113"
"G-6150-4CM"	"670*350*R20(嵌入爐8公分開挖)"
"G6150AS-4CM"	"670*350*R20(嵌入爐8公分開挖)"
"TID-3580"	"570*375"
"RB-L3710"	"725*465*R85"
"G6150-4CM"	"670*350*R20(嵌入爐8公分開挖)"
"IG-620 1G"	"挖560*490 (面600*505)"
"TG-7001T"	"670*325"
"JT-GC-299AS"	"670*350*R85"
"TEKG-IG-620-1G"	"560*490"
"EGT7627CK"	"732*421*R61"
"DK20"	"270*494"
"G-2830K"	"728*468*R113"
"GH-2901-1"	"265*490"
"E-2835"	"270*490"
"TG-8501GBL"	"670*350*R85"
"G-2732G"	"728*468*R113"
"JT-GC399A"	"725x465xR92.5"
"總公司26106207#249張經理"	""
"ITF-6320"	"560*490"
"傳真一張有錢跟一張沒錢的"	""
"PPU7A6B20T"	"562*492"
"G-2623"	"728*468*R113"
"EHD8740FOK"	"750*490"
"PEF375V14E"	"270*490"
"RB-N100G(B)"	"268*490
面板310*520"
"EQL4520BOZ"	"340*490
面板360*520"
"RB-201"	"670*350*R85"
"DHK182"	"外徑尺寸:820X460X225H
內徑尺寸:770X410X225H 
適用櫃體:900W"
"TEKA-TR620"	"560*490"
"RB-F219"	"670*350*R85"
"DHK-182"	"外徑尺寸:820X460X225H
內徑尺寸:770X410X225H 
適用櫃體:900W"
"PDK-FR104"	"外徑 760 x 460(方形槽) 
內徑 720 x 420"
"CT-002"	"外620*480*200
內560*420*200"
"G-252KSN"	"670*350*R0"
"EIT913"	"880*380"
"PKY475FB1E"	"362*492"
"PXV975DV1E"	"882*492"
"LUX-30 1G"	"282*482
300*505"
"Q4-60MB7400 TW"	"560*490"
"PXY875DC1E"	"750*490*R5"
"PXE875DC1E"	"750*490-500"
"RINNAI RB-2231H"	"720*425"
"LUX-78"	"710*410"
"PRA3A6D71T"	"272*498*R5
面306*527"
"PXY875KW1E"	"(停產)750*490*R5"
"CI 283 111"	"780*490"
"PKF-375V14E"	"272*492*R5"
"GS-333"	"728*468*R105"
"RB-T312GB"	"725*465*R85"
"RB-3CGT"	"挖820*410*R10"
"EG-262"	"670*350*R30"
"JT-2208A"	"670*350*R85"
"IH-2228W"	"410*507"
"G-9633GB"	"728*468*R113"
"G-6150AS"	"670*350前言開挖8CM"
"RB-H2280A"	"630*367"
"SG-9321"	"735*470*R約113"
"RH-H2280A"	"630*367"
"RBTS-227GC"	"670×350*R30前沿8"
"HIP-72B2L"	"710*410"
"G-2112GB"	"285*485R12
面315*510"
"IR-2339"	"挖720*425"
"PD-AF61WV"	"560*460*R20
前沿6.5開挖"
"PF-7021S"	"面730*430
挖670*400"
"KM-6200"	"挖560*490*R5
面57.4"
"IG-940 1G"	"860*490"
"SG-903A"	"728/*468*R113"
"RB-2CGTTR"	"705*405*R5"
"PXE675DE4E"	"560*490"
"KZ-G32AK"	"560*460*R20"
"EGG-3322NVX"	"挖270*495*5
面290*510"
"EGG-3313NOX"	"挖270*495*5
面290*510"
""	""
"EGC-3313NVK"	"270*490"
"EHI727BA"	"680*400"
"RB-Q230"	"670*350*R85"
"RB-Q230G"	"670*350*R85"
"KZ-YD36S"	"560*460*R20"
""	""
"G-2830KGN"	"728*468*R113"
"EHI7260BA"	"680*400*R5"
"TG-8505G"	"670×350(R85)"
"KY-C227E"	"挖710*368*R3
面742*400"
"PXY875KW1W"	"750*490*R5"
"G-2721GB"	"670*350*R85"
"G-2511G"	"670*350*R30"
"DD-0601"	"內:650*460"
"G-2721G"	"670*350*R85"
""	""
"RBTS-N201GB"	"挖670*350*R10
前沿8CM公分"
"BTW157LSS"	"尺寸:W685*H43*D510mm
挖:w555*D485mm"
"TEKA IZ-7210"	"挖695*360
面:730*430"
"G-2721"	"670*350*R85"
"RHS71W23L7RSTW"	"560*460"
"JT-2102"	"670*350*R5"
"RB-230G"	"670*350*R85"
"SE-830"	"外徑：830 x 525 x 220 mm

內徑：750 x 452 x 220 mm"
"JT-GC309A"	"725*465*R92.5"
"RB-22G-TY"	"670*350*R85"
"G-2721KG"	"機體:730*420*150
挖孔:670*350*R85"
"RB-H301"	"機體:W770*H159*D150
挖孔:725*465*R85"
"JT-2100"	"670*350*R5"
"JZC-61332"	"560*490"
"RB-A2760GB"	"725*465*R85"
"RB-2CGN-TRB"	"挖703*403
面:738*434"
"IH-1033"	"外觀:300*520*81
挖孔:280*507"
"EG2501G"	"516×480 mm"
""	""
"VTTC-2P.1B"	"產品:W300*H65*D520mm
安裝:W270*D500mm"
"G-2721S"	"670*350*R85"
"CSKF7446"	"外徑:740*460
內徑:700*420"
"SE-3780"	"外徑：780x460x210mm
內徑：740x420x210mm"
"SRV531TX"	"規格:H30xW306xD500mm
挖孔尺寸:W256xD482mm"
"MIEIE KM540"	"600*500"
"FUJi ton 292SG"	"版面:760*445
挖孔:660*330"
"E770"	"面:774*514
挖:740*480"
"RB-2CGN-TR"	"703*403"
"RB-M2610G"	"670*350*R85"
"KZ-G32AS"	"565*460*R10
前沿:6.5CM開挖"
"EFT9437CK"	"832*470"
"EG-2231G"	"270*490"
"RB71W23L7R5"	"560*460*R20(前沿6.5開挖)"
"KBG110-50"	"外      徑   54 x 44 x 20 cm
槽      身   50 x 40 x 20 cm"
"RHS72W22E5VC-BW"	"565*460*R10(前沿6.5開挖)"
"RHS71W32L24RAS-TW"	"565*460*R10(前沿6.5開挖)"
"RB-A2760G"	"725*465*R85~R113"
"EG-2200G"	"670*350*R85"
"爐連烤-4CM"	"565*460*R10(前沿6.5開挖)"
"HT-B60S"	"565*460*R10(前沿6.5開挖)"
"KL-505"	"內徑：560 X 410 X 210 mm"
"KZ-A1V7K"	"爐連烤565*460*R10(前沿6.5開挖)"
"SUS-304"	"680*450*220MM"
"GH-7300"	"706*414*R5
(面版730*430)"
"EHI-7260BA"	"面700x420
挖680x400XR5"
"GH7450-GS"	"745*490"
"G-2820GBN"	"670*350*R30"
"VTTC-1AB"	"270*500"
""	""
"CT-1669B"	"外徑:690*500
內徑:610*420"
"SE-710-0"	"外徑:710*510
內徑:630*430"
"KL-9776"	"外徑:756*476
內徑:700*420"
"LW595GUR"	"W680xD370mm"
"MB-201"	"670*350*R85"
"JT-2208A"	"670*350*R85"
"TG-8501GB"	"67*35*R8.5"
"EG-2120GB"	"280*355"
"TEKA-IZ-7210"	"挖695*360
面730*430"
"JT-1600"	"外徑：600×510×230mm
內徑：550×460×230mm"
"MB-300GN"	"670*350*R85"
"RS31W28U12RVW"	"565*460*R10(前沿6.5開挖)"
"PI-3512TF"	"挖285*490
面300*520"
"ARISTON-DK10"	"面288*510
挖270*494"
"KZ-G32AST-4CM"	"挖565*460*R10
前沿6.5開挖爐連烤"
"SED-1070"	"外徑：1070 x 495 x 215 mm（厚度0.7mm）"
"JT-SS600"	"外徑：600X510X240mm
內徑：550X460X240mm"
"PXE675DE4E"	"560 x 490 - 500mm"
"VHI-72520TU"	"機體:760*450*55
挖孔:W710*D410"
"RB-302B"	"挖725*465*R85"
"GC-209AWN"	"機體:770*450*120
挖孔:670*350*R85"
"GC-209AW"	"""機體:770*450*120
挖孔:670*350*R85"
"G-252K"	"面700*400
挖670*350"
"TEKA-IG-6201G"	"機體:w600*H50*D505MM
安裝:W560*H90*D490MM"
"EHT-9331"	"832*470"
"KY-E227E"	"710*368*R5"
"MB-N201G"	"670*350*R85"
"QUADRA-130-U"	"外:w760*H220*D440MM
內:W720*D400MM"
"G-2122G"	"機體:315*510*125
挖孔:285*485*R12"
"GH-301"	"670*350*R20"
"ST-3138"	"728*468*R92.5"
"ARISTON PC930"	"外觀:870*510*3.3
挖:840*475"
"PXY801KW1E"	"780*500"
"CS-G34VWS-4CM"	"565*460*R10
前沿6.5開挖爐連烤"
"EG-2012"	"274*350*R10"
"GS-297Q"	"尺寸:760*465*145mm
挖孔尺寸:660*330mm*R60"
"G-6703G"	"670*350嵌爐-8CM"
"KY-E227EK"	"機體:742*400*107mm
安裝:710*368*R5"
"RB-202GHB"	"外:750*163*420
挖孔:670*350*R85"
"MBTS-227GC"	"660*317崁入爐"
"RBG-N71W5GA3XSV"	"爐連烤
外740*257*538
挖565*460*R10-6.5"
"KW-A1W70-K"	"710 × 368"
"CSK-CS5447"	"內490*420*R10,R10,外540*470"
"JT-GC288AT"	"機體:770*520*125mm
挖孔:725*465*92.5mm"
"IZ-7210"	"外:73*43
挖695*360"
"BESTGH2909"	"外:509*304
挖:490*284"
"GS-293N"	"挖670*350*R30"
"PD-811WS-75CV"	"565*460*R10-6.5開挖"
"CT-005-1"	"外:535*46*28
內:48*40*28"
"TOTO-L5715E"	"外:500*380
挖:462*332*R"
"TOTO-L5715E"	"外:600*380"
"KL-602"	"外:690*510*200mm
內:630*455*200mm"
"EGT9239CK"	"832*470"
"SE-3880"	"外:880*460*210mm
內:840*420*210mm"
"LW-711RCB"	"外:60*50
挖:400*370*R10"
"PD-810WV-75CV"	"560*460*R10-6.5開挖"
"CSKCS-5447"	"內:490*420*R10
外:540*470"
"SC-740"	"內:740*420*230mm"
"SE-3540"	"外540*460
內500*420"
"L710CSRETW"	"外:500*450*H7
挖:435*380"
"LW1717B"	"外:700*400
挖:649*362"
"LW-523GUR"	"挖90*134*R5
外徑直徑43"
""	""
"RBTS-N201G"	"660*317(R0)"
"RB71W23L7R5-STW-RT"	"挖:565*460*R10
前沿:6.5開挖"
"L-5616CE"	"外600*460"
"L-5502"	"尺寸51*37.5"
"RB71W23L7R5-STW-TR"	"挖:565*460*R10
前沿:6.5開挖"
"MB-N201"	"670*350*R85"
"DS-740"	"外:740*515
內:660*350"
"TID6516"	"挖560*490"
"A021"	"外:751*446*229mm
內:711*406*229mm"
"A014"	"外:650*440*220mm
內:620*410*220mm"
"RB71W23LIRS"	"挖560*460*R20
前沿6.5CM開挖"
"SK"	"外:90.8X59   
內:82X52"
"L4057S"	"外:61*43
挖:533*350"
"EG-2301B"	"挖732*472*R105"
"G-2623A"	"728x468xR113"
"MJGL-7040"	"(不適合作凸)"
"N801BIAEB"	"""外徑尺寸 :834*554(65深枱面)
內徑尺寸 :800*430"""
"PKY475FB1W"	"挖360*490~500
面396*527"
"JT-GC299A"	"機體:755*425*115
挖孔:670*350*R85"
"RB-2CGT-TR"	"外觀:738*130*434
挖孔:703*403"
"SB-2082"	"機身:730*445*130
挖:668*403*R92.5"
"NB-N201G"	"670*350*R85"
"GH-2979"	"280*480
面300*505"
"EFX-30 1G"	"282*482"
"RB-N218G"	"外觀:755*145*415
挖孔:670*350*R85"
"IJIA GH-301"	"外觀:w760*55*D450
挖孔:W670*D350*R20"""
"G-2633"	"728*468*R113"
"EFX-30 2G"	"282*482"
"RB-F219G(CW)"	"670*350*R85"
"JT-IHC168F"	"挖:278*348
面:302*372"
"JT-IHC168K"	"挖:275*275
面:298*298"
"L620KTW"	"外:646*421
內:530*350"
"LW1540TW"	"外:47*47
內:38*38"
"HG2"	"704*412"
"R8437-2PC-CMI"	"外:84*56
內:78*43.5"
"EKS-730"	"外:730*460
內:700*400"
"EKS-585"	"外:585*525
內:530*420"
"PHN932"	"挖835*475"
"PD-810WV-75CVN"	"挖565*460*R10前沿6.5開
面板:74*51.2"
"RB-Q230GB"	"670*350*R85"
"PRB3A6D71T"	"272*498*R5
面306*527"
"RBG-N71W5GA3X-SV"	"爐連烤
565*460*R10前沿6.5開挖"
"RB-2232H"	"720*425"
"G-2723GB"	"機:730*420
挖:670*350*R85"
"SR-100T"	"機:225*265
挖:208*248"
"IZS-34600"	"機:300*D510
挖:280*D490"
"爐連烤"	"挖 565*460*R10
前沿6.5開挖"
"EGT-7427CK"	"732*421"
"TOTO L700CET"	"尺寸:W490*D490*H90mm"
"GH-7300G"	"706*414*R5
(面版780*450)"
"RB-M2600G"	"670*350*R85"
"L-2214"	"規格:510*500*160mm"
"IG-620"	"挖560*490
面600*505"
"RB-G350GN"	"560*460*R20前沿6.5開挖"
"RB-F312F"	"725*465*R85"
"MB-200SF"	"外觀尺寸W750×H149×D435
挖孔尺寸 W670×D350(R85)"
"RB-N100GB"	"挖 268×490*R0
面 310×520"
"LUX-301G"	"面:300*505
挖:282*482"
"JT-GC-209S"	"面 700*420*120
挖 670*350*85"
"G-9511KGW"	"挖670*350*R85"
"G-9520GB"	"670*350*R85"
"JT-GC209AR"	"機身:770*450*120
挖孔:670*350*R85"
"W-102"	"外 69*51
內63*45.5"
"SE-8840-1"	"外:840*520
內:760*455"
"L2584"	"外840*460
內800*420"
"SE-101-2"	"外710*520
內650*460"
"MN-100-88"	"外83.7*53
內76.7*41.2"
"HT-M100HTWF"	"挖 565*460*R10
前沿6.5開挖"
"SRU251610TW"	"外67.3*46
內63.6*42.3"
"G-9633GW"	"挖728*468*R113"
"JT-GC209AF"	"670*350*R85"
"RB-F219GY"	"670*350*R85"
"GH862-GS"	"835*490*R5"
"EIT-913"	"880*380"
"G-9260KGB"	"728*468*R113"
"EG2200G"	"670×350×R85"
"GAGGENA"	"挖272*492*R5"
"78*45方槽"	"挖738*405"
"EHK-6545"	"外650*450
內600*400"
"EK775/46"	"外780*470
內740*430"
"PWKW1SS"	"268*490"
"ZQB135-SZ100"	"362*462"
"EL3105"	"外770*450
內725*400"
"ST-2273"	"668×403×R92.5"
"KL-168BN"	"外820*520
內:760*460"
"EH-2002"	"675x400"
"SH-313"	"外觀(尺寸mm)(L)510*(W)290*(H)64
挖孔:(尺寸mm)(L)490*(W)270 "
"PR-830S"	"外830*525
內750*452"
"JT-2009"	"機身:750x430x140
挖孔:670x350xR85"
"KM7474FR"	"780*500*R4"
"IH-2895"	"720×425"
"JT-2203S"	"機身尺寸(W)692 x (D)428 x (H)125 mm
挖洞尺寸(W)665 x (D)402 / 92.5 mm"
"RB-M2600"	"670*350*R85"
"MBTS-Q230G-崁爐"	"外觀720*225**470
挖660*317*R0-前沿8公分開挖"
"EFX-730N"	"面730 X 430
挖704 X 412"
"TID2310"	"280*355"
"RB-F219P"	"外觀尺寸 755×149×415
挖孔尺寸 670×350(R85)"
"RB-302GB"	"725*465*R85"
"G-6703S"	"670*325嵌爐"
"RB71AM5U32S-VW-TR"	"爐連烤565*460*R10-6.5"
"CX482IH爐"	"面804*520
挖784*492"
"PDS-880"	"外880*525
內810*468"
"華財ZERA HAOF"	"282*482(面300*500)"
""	""
"TSR1803"	"274*350"
"LUX-302G"	"282*482(面300*505)"
"LUX-301G"	"282*482(面300*505)"
"VEG2380"	"W680xD410 mm"
"IZS-34600"	"挖280*490
面300*510"
"RB-200WN"	"670*350*R85"
"TG-8533G"	"728*468*R113"
"TEPPANYAKI-380"	"380*520
360*490"
"SQUARE50.40"	"外54*44
內50*40"
"PIF672FB1E"	"560*490"
"MIELE CS1011G"	"272*500*R4"
"TEKA IZS-34600"	"280*490"
"CV282111"	"783*493"
"FSM653"	"560*480~492 "
"EGT7828CK"	"732*421*R50"
"PD-809WS-75CV"	"565*460*R10-6.5"
"PI-6530ATPO"	"560*490"
"HIP-72B2"	"710*410"
"HIP72B2L"	"710*400"
"HIP-72B2R"	"710*410"
"GH9055"	"705*405"
"RB-L2710G"	"725*465*R85"
"L710CSRETW"	"435*380(後方漂亮)"
"MB-Q230G"	"670*350*R85"
""	""
"IZF-68700"	"W551 X H90 X D480mm"
"IH-730"	"695*335"
"G-2630GB"	"728*468*R113"
"KYE227E"	"710*368*R3"
"RB-S2630G"	"670*350*R85"
"KY-E227EB"	"710*368*R3"
"RB-H2180"	"挖268*490
面290*510"
"EH-3320NVK"	"外290*520
內276*490*R5"
"RB-312NG"	""
"KY-E227E-W"	"710*368*R3"
"TEKA CGW LUX-30"	"W350*H100*D482mm"
"RM66RTCBI"	"(W) 27 X(D) 38 cm"
"LUX-30"	"350*470"
"IZC-34600"	"280*490"
"MB-302GH"	"725×465(R85)"
"EHF3320NOK"	"270*490"
"G-2722G"	"670*350*R85"
"RB-2CGB"	"703*403"
"EFX730/R"	"面W730 X D430 mm
挖W704 X D412 mm"
"EFX730/L"	"面W730 X D430 mm
挖W704 X D412 mm"
""	""
"TG-8311"	"670*350*R85"
"EHH-3320NVK"	"面300*520
挖270*490"
"EGC3313NVK"	"面 290*520
挖 270*490"
"ST-3239"	"挖728×468×R92.5
面760×500×120"
"LUX-30 1G"	"282*482"
"LUX-30 2G"	"282*482"
"IZS-34600"	"300*505"
"PKU375FB1E"	"270*490"
"TG-7606G"	"670*350*R10前沿8開挖"
"G-2721N"	"670*350*R85"
"EG2350G"	"680*410"
"RB-M2710G"	"725*465*R85"
"CS-1028"	"364*500"
"CS-1011G"	"272*500"
"YW-7545"	"外75  內68"
"RB-M2620G"	"670*350*R85"
"RB-M2720"	"725*465*R85"
"RB-M2700G"	"725*465*R85"
"TID7040"	"744*494"
"EMF2"	"285*490"
"YW-6845"	"外68X45
內61X38"
"WT1760"	"外760*440*200
內720*400*200"
"570.33.070"	"外825.5*466.7
內768*414"
"EG-2350GB"	"685*410*R5"
"EG-2250G"	"275*495*R5
(面290*510)"
"EG2250G"	"275*495*R5
(面290*510)"
"KL-106"	"內730×460×215 mm
外780×510×230 mm"
"se-640"	"外640 x 490 x 200 mm
內560 x 410 x 200 mm"
"PXV845FC1E"	"780*500"
"CS 7101-1"	"358*500"
"CS 7102-1"	"358*500"
"RB-3CGN"	"815*405"
"P-3800"	"728*468*R92.5"
"TG-8603"	"670*350*R85"
"RB-M2720G"	"725*465*R85"
"KY-E227E-K"	"710*368*R3"
"EH-17260BA"	"680*400"
"RB-M2620GB"	"670*350*R85"
"RB-M2610GB"	"670*350*R85"
"TS-9720"	"570*375"
"RB-71W23L1R5-TR"	"560*460*R30"
"PBP2V1501FTB1"	"285*490"
"GH-2929"	"280*480
面300*505 "
"RB-H1181S"	"263*314"
"RB-L2620G"	"670*350*R85"
"KZ-AN77S"	"挖 565*460*R10
前沿6.5開挖"
"CS-T321HNWSR"	"565*460*R10(前沿6.5開挖)"
"KZ-A1M7S"	"565*460*R10(前沿6.5開挖)"
"RB-L2680GB"	"670*350*R85"
"KY-X227"	"710*368*R3"
"RB-L2600G"	"670*350*R85"
"RB-2721GB"	"670*350*R85"
"G-2932AG"	"728 x 468 mm (R113)"
"G-2932"	"728 x 468 mm (R113)"
"RB-Q0230G"	"670*350*R85"
"RB-L2680G"	"670*350*R85"
"PXY875KV1E"	"750*490*R5"
"RB-3CGN-TR"	"815×405×R0"
"BBQ鐵板燒"	"挖790*590
面806*605"
"REM-88"	"挖75 X 49
面80 X 54 "
"JT-IH221"	"660*350*R5"
""	""
"RB-M2600GB"	"670*350*R85"
"RB-M2610"	"670*350*R85"
"TS-9701"	"280*355"
"EG-2250G"	"面290*510
275*495*R5"
"MB-L2700G"	"725*465*R85"
"KY-E227EW"	"710*368*R5"
"HIP-72B2S2"	"710*410"
"RB-F218G"	"670*350*R85"
"KY-E227E"	"710*368*R5"
"N750BIA-EB"	"750*465*210"
"DK20"	"挖270*494
面28.8*510"
"G-2522BGW"	"670*350*R85"
"G-2522BGWN"	"670*350*R85"
"KZ-AN26S"	"挖 565*460*R10
前沿6.5開挖"
"VB4A7060R1"	"挖 550*440*R10"
"DTI1047GC"	"560*490"
"G2721G"	"670*350*R85"
"MB-D3700GB"	"725*465*R85"
"MB-D3700GBL"	"725*465*R85"
"MB-D3700GBR"	"725*465*R85"
"MB-D3700"	"725*465*R85"
"RB-L2600GB"	"670*350*R85"
"IBC-7322S"	"挖680*380"
"G-2522BG"	"670*350*R85"
"G-2522B"	"670*350*R85"
"G-2522"	"670*350*R85"
"RB71AM5U32S"	"爐連烤565*465*R10(前沿6.5開挖)"
"KM7564"	"603*503*R4"
"G-2921G"	"728*468*R113"
"RB-A3760G(BL)"	"725*465*R85"
"RB-L3710G"	"725*465*R85"
"IH-2268"	"672*372"
"EHI977BE"	"880*490*R5"
"MB-D2600G"	"670*350*R85"
"KY-E227A"	"720*420*R15"
"CS 7612"	"358*500"
"CS 7101"	"358*500"
"IBC-7320D"	"挖680*380
面730*430"
"RB-2600G"	"670×350(R85)(適用W660~680 X D350~403 (R85)挖孔)"
"IH-2890"	"720×425"
"FIH-7210"	"挖670*400"
"PD-819WS-60CV"	"爐連烤565*465*R10(前沿6.5開挖)"
"FIH 7210"	"挖670*400"
"RB71AM3B1S"	"560*460*R10~30"
"VEG2220"	"268*500
面288x520"
"IZC 93320 MST"	"W860xD380mm"
"EG-9120GB"	"280x355 mm"
"GH7055"	"705x405mm"
"FSM653IDBK"	"580x490mm"
"TG-7312"	"670x330mm*R5 崁入爐前沿開挖八公分"
"RB-N1201G"	"挖268×490(R0)
面310*520"
"PD-862WS-75CK"	"爐連烤565*465*R10(前沿6.5開挖)"
"PD-829WS-75CV"	"爐連烤565*465*R10(前沿6.5開挖)"
"CS7101-1"	"358*500"
"CS7612"	"358*500"
"RB-2231HA"	"720*425*R0"
"RB-N3811G(B)"	"815*405(R0)"
"VG231-220CA"	"268*492"
"VG232-220CA"	"268*492"
"VI232-121"	"268*492"
"RHS71W32L1RSTW"	"560*460*R30"
"KY-A1W70-W"	"710*368"
"PXE895DC1E"	"750*490"
"RB-A2660G(B)"	"670*350*R85"
"RB-M2620GBN"	"670*350*R85"
"G-2922BGC"	"670*350*R85"
"EG-2100G"	"挖270*490面290*490"
"VG415211CA"	"挖360*492*R3面380*520"
"VG23222OCA"	"挖268*492*R3面288*512"
"FMY658IFPBK"	"挖580*490   面650*510"
"RB-Q230G(B)"	"670×350 (R85)"
"FMY808"	"750*490*R10"
"CI282112"	"780*490*R3"
"RB-2621GB"	"挖670*350*R85"
"EG2250GB"	"挖270*490R3面290*510"
"CSDA 7001"	"W100 x D500(內徑)
W124 x D524(外徑) mm"
"G1150"	"挖695*385*R5
面730 x 400 x 60"
"IH-188"	"隱藏爐"
"KZ-A1T7K"	"爐連烤565*465*R10
(前沿6.5開挖)"
"EG2200AG"	"670*350*R85"
"EG2320GB"	"停產570*375(面650*430)"
"G-2922BG"	"670*350*R85"
"G360GB"	"670*350*R85"
"G-2922S"	"670*350*R85"
"A9N"	"檯面深度60"
"A9U"	"檯面深度65"
"FMY808IFPBK"	"挖750*490面77*51"
